"문제번호","과목코드","과목명","대단원번호","대단원명","중단원번호","중단원명","섹션번호","섹션명","키워드","유형","난이도","배점","문제내용","보기1","보기2","보기3","보기4","정답","해설"
"1","PHY","물리학","2","전기와 자기","1","전기","1","전기장과 전위차","","theory","ba","","마찰 전기에 대한 설명으로 옳은 것은?","서로 다른 두 물체를 마찰하면 두 물체가 모두 같은 종류의 전하를 띤다.","서로 다른 두 물체를 마찰하면 두 물체가 대전되어 사이에 전기력이 작용한다.","마찰 시 한쪽 물체만 전하를 잃고 다른 쪽은 변화가 없다.","전기력은 마찰이 없으면 절대 작용하지 않는다.","2","서로 다른 두 물체를 마찰하면 한쪽은 전자를 잃고 다른 쪽은 전자를 얻어 두 물체 모두 대전됩니다. 그 결과 두 물체 사이에 전기력이 작용합니다."
"2","PHY","물리학","2","전기와 자기","1","전기","1","전기장과 전위차","","theory","ba","","전기력의 종류와 작용에 대한 설명으로 옳은 것은?","같은 종류의 전하 사이에는 인력만 작용한다.","다른 종류의 전하 사이에는 척력만 작용한다.","같은 종류의 전하 사이에는 척력, 다른 종류의 전하 사이에는 인력이 작용한다.","전기력의 종류는 전하의 종류와 무관하다.","3","전기력은 같은 종류의 전하 사이에서는 서로 밀어내는 척력, 다른 종류의 전하 사이에서는 서로 끌어당기는 인력으로 작용합니다."
"3","PHY","물리학","2","전기와 자기","1","전기","1","전기장과 전위차","","theory","ba","","전하의 종류에 대한 설명으로 옳은 것은?","양(+)전하 한 종류만 존재한다.","음(-)전하 한 종류만 존재한다.","양(+)전하와 음(-)전하 두 종류가 있다.","전하의 종류는 무한히 많다.","3","물체가 띠는 전하는 양(+)전하와 음(-)전하 두 종류가 있습니다."
"4","PHY","물리학","2","전기와 자기","1","전기","1","전기장과 전위차","","theory","ba","","두 점전하 사이에 작용하는 전기력의 크기를 나타내는 쿨롱 법칙으로 옳은 것은? (q₁, q₂: 전하량, r: 두 전하 사이의 거리, k: 비례 상수)","F = k q₁q₂ / r","F = k q₁q₂ / r²","F = k (q₁ + q₂) / r²","F = k q₁q₂ × r²","2","쿨롱 법칙: 두 전하 사이에 작용하는 전기력의 크기는 두 전하의 전하량의 곱에 비례하고, 두 전하 사이의 거리의 제곱에 반비례합니다. F = k q₁q₂ / r²"
"5","PHY","물리학","2","전기와 자기","1","전기","1","전기장과 전위차","","theory","ba","","두 점전하 사이의 거리를 2배로 늘리면, 두 전하 사이에 작용하는 전기력의 크기는 어떻게 되는가? (전하량은 그대로)","1/2배","1/4배","2배","4배","2","쿨롱 법칙에서 F ∝ 1/r² 이므로, 거리가 2배가 되면 전기력은 1/2² = 1/4배가 됩니다."
"6","PHY","물리학","2","전기와 자기","1","전기","1","전기장과 전위차","","theory","ba","","두 점전하의 전하량을 각각 2배로 늘리고 거리는 그대로 둘 때, 두 전하 사이에 작용하는 전기력의 크기는 몇 배가 되는가?","2배","4배","8배","1/4배","2","F ∝ q₁q₂ 이므로 두 전하량이 각각 2배가 되면 곱은 4배가 됩니다. 따라서 전기력은 4배가 됩니다."
"7","PHY","물리학","2","전기와 자기","1","전기","1","전기장과 전위차","","theory","ba","","전기장의 정의로 가장 옳은 것은?","전하 주위에 전기력이 미치는 공간","전하가 직접 닿아야만 힘을 주고받는 영역","전류가 흐르는 도선 내부의 전기적 영역","전위가 0인 등전위면","1","전하 주위에는 다른 전하가 있을 때 전기력이 작용할 수 있는 공간이 형성되며, 이를 전기장이라고 합니다."
"8","PHY","물리학","2","전기와 자기","1","전기","1","전기장과 전위차","","theory","ba","","어떤 점에서의 전기장 E는 다음 중 어떻게 정의되는가? (단위 양(+)전하: 전하량 1 C인 양전하)","그 점에 놓인 단위 음(-)전하가 받는 전기력","그 점에서의 전류","그 점에서의 전위","그 점에 놓인 단위 양(+)전하가 받는 전기력","4","전기장은 그 점에 놓인 단위 양(+)전하(1 C)가 받는 전기력으로 정의됩니다. 단위는 N/C입니다."
"9","PHY","물리학","2","전기와 자기","1","전기","1","전기장과 전위차","","theory","ba","","전기장의 단위로 옳은 것은?","J","V","N/C","C","3","전기장은 단위 양(+)전하가 받는 힘이므로 단위는 N/C 입니다."
"10","PHY","물리학","2","전기와 자기","1","전기","1","전기장과 전위차","","theory","ba","","양(+)전하 주위의 전기장 방향에 대한 설명으로 옳은 것은?","양전하 쪽으로 향한다.","전기장이 형성되지 않는다.","방향이 정해지지 않는다.","양전하에서 멀어지는 방향(밖으로 뻗어 나간다).","4","양(+)전하 주위의 전기장은 양전하에서 바깥으로 뻗어 나가는 방향입니다. 단위 양전하를 갖다 두면 척력에 의해 멀어지기 때문입니다."
"11","PHY","물리학","2","전기와 자기","1","전기","1","전기장과 전위차","","theory","ba","","음(-)전하 주위의 전기장 방향에 대한 설명으로 옳은 것은?","음전하에서 바깥으로 뻗어 나간다.","전기장이 형성되지 않는다.","방향이 정해지지 않는다.","음전하 쪽으로 향한다(안으로 들어간다).","4","음(-)전하 주위의 전기장은 음전하 쪽으로 향하는 방향입니다. 단위 양전하를 갖다 두면 인력에 의해 음전하 쪽으로 끌리기 때문입니다."
"12","PHY","물리학","2","전기와 자기","1","전기","1","전기장과 전위차","","theory","ba","","양(+)전하 Q 주위에 양(+)전하 q를 놓을 때, q가 받는 전기력의 방향과 그 위치에서의 전기장 방향의 관계는?","서로 같은 방향이다.","서로 반대 방향이다.","서로 수직이다.","관계가 없다.","1","양전하가 받는 전기력의 방향은 그 위치에서의 전기장 방향과 같습니다. (F = qE, q > 0)"
"13","PHY","물리학","2","전기와 자기","1","전기","1","전기장과 전위차","","theory","ba","","양(+)전하 Q 주위에 음(-)전하 q를 놓을 때, q가 받는 전기력의 방향과 그 위치에서의 전기장 방향의 관계는?","서로 같은 방향이다.","서로 반대 방향이다.","서로 수직이다.","관계가 없다.","2","음전하가 받는 전기력은 전기장과 반대 방향입니다. (F = qE에서 q < 0이므로 부호가 뒤집힘)"
"14","PHY","물리학","2","전기와 자기","1","전기","1","전기장과 전위차","","theory","ba","","전자(음전하)가 어떤 전기장 속에서 받는 전기력의 방향과 그 위치에서의 전기장의 방향의 관계는?","반대 방향","같은 방향","수직","무관","1","전자는 음전하이므로 전기력의 방향이 전기장의 방향과 반대입니다."
"15","PHY","물리학","2","전기와 자기","1","전기","1","전기장과 전위차","","theory","ba","","중력장과 전기장을 비교한 설명으로 옳지 않은 것은?","중력장에서 물체를 중력 반대 방향으로 들어올리면 중력에 의한 위치 에너지가 증가한다.","전기장에서 양(+)전하를 전기력 반대 방향으로 움직이면 전기적 위치 에너지가 증가한다.","기준점을 어디로 잡든 위치 에너지의 절대값은 항상 같다.","전기적 위치 에너지는 일을 통해 증가하거나 감소한다.","3","위치 에너지(중력적이든 전기적이든)는 기준점을 어디로 잡느냐에 따라 값이 달라집니다. 기준점에 의존하지 않는 것은 두 점 사이의 위치 에너지 '차'입니다."
"16","PHY","물리학","2","전기와 자기","1","전기","1","전기장과 전위차","","theory","ba","","전기장 안에서 기준점에 대해 단위 양(+)전하가 가지는 전기적 위치 에너지를 무엇이라고 하는가?","전류","전기장","전위","전기력","3","전기장 안에서 기준점에 대해 단위 양(+)전하가 가지는 전기적 위치 에너지를 전위(V)라고 하며, 단위는 V(볼트) 또는 J/C입니다."
"17","PHY","물리학","2","전기와 자기","1","전기","1","전기장과 전위차","","theory","ba","","전위 V의 정의식으로 옳은 것은? (W: 전하 q를 기준점에서 어떤 위치까지 옮기는 데 한 일)","V = W × q","V = W + q","V = q / W","V = W / q","4","전위는 단위 양전하당의 전기적 위치 에너지이므로 V = W / q 입니다. 단위는 V 또는 J/C."
"18","PHY","물리학","2","전기와 자기","1","전기","1","전기장과 전위차","","theory","ba","","전위의 단위로 옳지 않은 것은?","V (볼트)","J/C","N/C","1 V = 1 J/C","3","V(볼트) = J/C 가 전위의 단위입니다. N/C는 전기장의 단위입니다."
"19","PHY","물리학","2","전기와 자기","1","전기","1","전기장과 전위차","","theory","ba","","양(+)전하 주위에서 전위가 변하는 양상으로 옳은 것은?","양전하에 가까워질수록 전위가 낮다.","양전하에 가까워질수록 전위가 높다.","양전하 주위 전위는 어디서나 같다.","양전하 주위 전위는 0이다.","2","양(+)전하에 가까울수록 전위가 높고, 음(-)전하에 가까울수록 전위가 낮습니다."
"20","PHY","물리학","2","전기와 자기","1","전기","1","전기장과 전위차","","theory","ba","","전위차(또는 전압)의 정의로 옳은 것은?","두 점 사이의 전위의 차이","한 점에서의 전위","단위 양전하가 받는 전기력","전류의 흐르는 양","1","두 지점 사이의 전위의 차이를 전위차 또는 전압이라고 합니다."
"21","PHY","물리학","2","전기와 자기","1","전기","1","전기장과 전위차","","theory","ba","","전하량 +2 C의 양전하를 기준점에서 어떤 위치 P까지 옮기는 데 외력이 한 일이 10 J이었다면, 점 P의 전위는?","5 V","2 V","10 V","20 V","1","V = W / q = 10 J / 2 C = 5 V."
"22","PHY","물리학","2","전기와 자기","1","전기","1","전기장과 전위차","","theory","ba","","점 A의 전위가 8 V, 점 B의 전위가 3 V일 때, A와 B 사이의 전위차(A 기준 B의 전압)는?","3 V","5 V","8 V","11 V","2","두 점 사이의 전위차는 두 전위의 차이입니다. V_AB = V_A - V_B = 8 - 3 = 5 V."
"23","PHY","물리학","2","전기와 자기","1","전기","1","전기장과 전위차","","theory","ba","","전하 q가 전기장 E를 받을 때 q에 작용하는 전기력의 크기는?","F = q + E","F = E / q","F = q / E","F = qE","4","전기장의 정의에서 단위 양전하가 받는 힘이 E이므로, 전하량 q인 전하가 받는 전기력의 크기는 F = qE 입니다."
"24","PHY","물리학","2","전기와 자기","1","전기","1","전기장과 전위차","","theory","ba","","두 점전하 사이의 거리를 그대로 두고 한쪽 전하만 -3배로 바꿨다(부호도 바뀜). 두 전하 사이에 작용하는 전기력의 크기와 종류 변화는?","크기 1/3배, 종류 그대로","크기 3배, 종류 반대(척↔인)로 바뀜","크기 9배, 종류 그대로","크기 변화 없음","2","F ∝ q₁q₂. 한쪽이 -3배가 되면 곱이 -3배가 되므로 크기는 3배, 부호가 반대이므로 인력↔척력이 뒤바뀝니다."
"25","PHY","물리학","2","전기와 자기","1","전기","1","전기장과 전위차","","theory","ad","","두 점전하 q₁ = +2 μC, q₂ = +3 μC이 거리 r = 0.1 m 떨어져 있을 때, 두 전하 사이에 작용하는 전기력의 크기는? (k ≈ 9 × 10⁹ N·m²/C²)","약 5.4 N","약 0.54 N","약 54 N","약 0.054 N","1","F = k q₁q₂ / r² = 9×10⁹ × (2×10⁻⁶)(3×10⁻⁶) / (0.1)² = 9×10⁹ × 6×10⁻¹² / 0.01 = 54×10⁻³ / 0.01 = 5.4 N."
"26","PHY","물리학","2","전기와 자기","1","전기","1","전기장과 전위차","","theory","ad","","어떤 균일한 전기장 E = 100 N/C 안에 전하량 +0.5 C인 양전하를 놓았다. 이 전하가 받는 전기력의 크기와 방향은?","크기 50 N, 전기장과 같은 방향","크기 50 N, 전기장과 반대 방향","크기 200 N, 전기장과 같은 방향","크기 0.005 N, 전기장과 반대 방향","1","F = qE = 0.5 × 100 = 50 N. 양전하이므로 전기력의 방향은 전기장과 같은 방향입니다."
"27","PHY","물리학","2","전기와 자기","1","전기","1","전기장과 전위차","","theory","ba","","전위차가 큰 두 지점 사이에서 양(+)전하가 자유롭게 움직일 수 있다면, 이 전하는 어떤 방향으로 움직이는 경향이 있는가?","전위가 낮은 곳에서 높은 곳으로","전위차와 무관하게 임의로","전위가 같은 곳에서 다른 곳으로","전위가 높은 곳에서 낮은 곳으로","4","양전하는 전기력에 의해 전위가 높은 곳에서 낮은 곳으로 자발적으로 이동하려는 경향이 있습니다. (중력장에서 물체가 높은 곳에서 낮은 곳으로 떨어지는 것과 유사)"
"28","PHY","물리학","2","전기와 자기","1","전기","1","전기장과 전위차","","theory","ba","","같은 거리에서 비교할 때, 전하량이 큰 양(+)전하 주위의 전기장과 전하량이 작은 양(+)전하 주위의 전기장의 차이로 옳은 것은?","전하량이 클수록 같은 거리에서 전기장이 약하다.","전하량이 클수록 같은 거리에서 전기장이 강하다.","전하량과 전기장의 세기는 무관하다.","전기장은 거리에만 의존한다.","2","점전하 Q가 만드는 전기장은 E = kQ/r²이므로, 같은 거리(r)라면 전하량 Q가 클수록 전기장이 강해집니다."
"29","PHY","물리학","2","전기와 자기","1","전기","1","전기장과 전위차","","theory","ad","","양(+)전하 +q를 점 A에서 점 B로 옮기는 데 외력이 한 일이 양수(+)였다면, 두 점의 전위 관계는? (단, 다른 힘은 무시)","V_A > V_B","V_A = V_B","V_A < V_B","전위와 일은 무관하다.","3","V = W/q에서 양전하 q에 양의 일을 했다는 것은 그 전하의 전기적 위치 에너지를 키운 것이므로, B 지점의 전위가 더 높습니다. 즉 V_A < V_B."
"30","PHY","물리학","2","전기와 자기","1","전기","1","전기장과 전위차","","theory","ba","","전기장과 전위차에 대한 설명으로 옳지 않은 것은?","전하 주위의 공간에 전기장이 형성된다.","양(+)전하에서 멀어질수록 전위는 낮아진다.","전위차는 두 지점 사이의 전위의 차이이며, '전압'이라고도 한다.","단위 양(+)전하에 작용하는 전기력의 크기는 전위와 같다.","4","단위 양(+)전하에 작용하는 전기력의 크기는 '전기장'(E, 단위 N/C)이지 전위가 아닙니다. 전위(V, 단위 V)는 단위 양전하의 전기적 위치 에너지입니다."
"31","PHY","물리학","2","전기와 자기","1","전기","2","저항의 연결과 소비 전력","","theory","ba","","옴의 법칙을 옳게 나타낸 식은? (V: 전압, I: 전류, R: 저항)","V = I + R","V = I × R","V = I / R","V = R / I","2","옴의 법칙: 저항값이 일정한 저항의 양단에 걸리는 전압은 그 저항에 흐르는 전류에 비례한다. V = IR (또는 I = V/R)."
"32","PHY","물리학","2","전기와 자기","1","전기","2","저항의 연결과 소비 전력","","theory","ba","","저항 내부에서 일어나는 현상을 옳게 설명한 것은?","전자가 자유롭게 움직여 열이 발생하지 않는다.","이동하는 전자가 원자와 부딪히며 열이 발생한다.","원자들이 빠르게 이동하면서 전자를 만들어 낸다.","전류가 흐를수록 저항이 작아진다.","2","저항 내부에서 이동하는 전자는 물질 속 원자와 부딪히며 운동에너지를 잃고, 이때 발생한 에너지가 열로 나타납니다."
"33","PHY","물리학","2","전기와 자기","1","전기","2","저항의 연결과 소비 전력","","theory","ba","","저항에서 시간 t 동안 소모되는 전기 에너지 W의 식으로 옳은 것은? (V: 전압, I: 전류)","W = VI / t","W = VIt","W = V/I × t","W = (V + I)t","2","전기 에너지는 W = VIt 입니다. 단위: J(줄)."
"34","PHY","물리학","2","전기와 자기","1","전기","2","저항의 연결과 소비 전력","","theory","ba","","저항이 단위 시간당 소모하는 에너지(소비 전력) P의 식으로 옳지 않은 것은?","P = VI","P = I²R","P = V²/R","P = V/R","4","소비 전력은 P = VI = I²R = V²/R 의 세 가지 형태로 쓸 수 있습니다. P = V/R 은 전류의 식(I = V/R)이지 전력 식이 아닙니다. 단위: W(와트)."
"35","PHY","물리학","2","전기와 자기","1","전기","2","저항의 연결과 소비 전력","","theory","ba","","전력량의 정의로 옳은 것은?","전력 × 전압","전력 × 시간","전압 × 전류","저항 × 시간","2","전력량 = 소비 전력(P) × 시간(t). 단위는 J(줄) 또는 Wh(와트시)를 사용합니다."
"36","PHY","물리학","2","전기와 자기","1","전기","2","저항의 연결과 소비 전력","","theory","ba","","전기 에너지의 단위로 옳은 것은?","A (암페어)","V (볼트)","Ω (옴)","J (줄)","4","전기 에너지의 단위는 J(줄)이며, 시간 단위를 곱한 Wh(와트시)도 함께 쓰입니다."
"37","PHY","물리학","2","전기와 자기","1","전기","2","저항의 연결과 소비 전력","","theory","ba","","100 W 전구를 5시간 동안 켜놓았을 때 소모된 전력량은?","20 Wh","100 Wh","500 Wh","5000 Wh","3","전력량 = P × t = 100 W × 5 h = 500 Wh."
"38","PHY","물리학","2","전기와 자기","1","전기","2","저항의 연결과 소비 전력","","theory","ba","","저항을 직렬연결한 회로에서 각 저항에 흐르는 전류에 대한 설명으로 옳은 것은?","저항값이 큰 쪽에 더 큰 전류가 흐른다.","저항값이 작은 쪽에 더 큰 전류가 흐른다.","모든 지점에서 같다.","저항의 개수에 비례한다.","3","직렬연결에서는 한 줄의 길로 전류가 흐르므로 모든 지점에서 전류의 세기가 같습니다. I = I₁ = I₂."
"39","PHY","물리학","2","전기와 자기","1","전기","2","저항의 연결과 소비 전력","","theory","ba","","두 저항 R₁, R₂를 직렬연결할 때 합성저항 R_합성 의 식으로 옳은 것은?","R_합성 = R₁ + R₂","1/R_합성 = 1/R₁ + 1/R₂","R_합성 = R₁ × R₂","R_합성 = R₁ - R₂","1","직렬연결의 합성저항은 두 저항의 합과 같습니다. R_합성 = R₁ + R₂."
"40","PHY","물리학","2","전기와 자기","1","전기","2","저항의 연결과 소비 전력","","theory","ba","","직렬연결 회로에서 전체 전압 V와 각 저항에 걸리는 전압 V₁, V₂의 관계로 옳은 것은?","V = V₁ + V₂","V = V₁ = V₂","V = V₁ × V₂","V = V₁ - V₂","1","직렬연결에서는 전체 전압이 각 저항에 걸리는 전압의 합과 같습니다. V = V₁ + V₂."
"41","PHY","물리학","2","전기와 자기","1","전기","2","저항의 연결과 소비 전력","","theory","ba","","두 저항을 직렬연결했을 때, 저항값이 큰 쪽에 걸리는 전압에 대한 설명으로 옳은 것은?","저항값과 무관하게 전압은 같다.","저항값이 작은 쪽에 더 큰 전압이 걸린다.","저항값이 큰 쪽에 더 큰 전압이 걸린다.","저항값이 큰 쪽에는 전압이 걸리지 않는다.","3","직렬연결에서는 전류가 일정하므로 V = IR에서 저항값이 큰 쪽에 더 큰 전압이 걸립니다. V₁ : V₂ = R₁ : R₂."
"42","PHY","물리학","2","전기와 자기","1","전기","2","저항의 연결과 소비 전력","","theory","ba","","직렬연결한 두 저항이 소모하는 소비 전력의 비 P₁ : P₂ 는?","R₁ : R₂","R₂ : R₁","1/R₁ : 1/R₂","R₁² : R₂²","1","직렬연결은 전류가 같으므로 P = I²R 에서 P₁ : P₂ = R₁ : R₂. 즉 저항값이 큰 쪽이 소비 전력도 큽니다."
"43","PHY","물리학","2","전기와 자기","1","전기","2","저항의 연결과 소비 전력","","theory","ba","","R₁ = 100 Ω, R₂ = 200 Ω 을 직렬로 연결하고 양단에 V = 30 V 를 걸었을 때, 회로에 흐르는 전류는?","0.05 A","0.5 A","0.3 A","0.1 A","4","R_합성 = 100 + 200 = 300 Ω. I = V / R_합성 = 30 / 300 = 0.1 A."
"44","PHY","물리학","2","전기와 자기","1","전기","2","저항의 연결과 소비 전력","","theory","ba","","전원의 전압이 일정할 때 저항을 직렬로 더 많이 연결할수록 회로 전체 소비 전력은 어떻게 변하는가?","커진다.","0이 된다.","변화 없다.","작아진다.","4","전원 전압 V가 일정할 때 P = V²/R_합성. 직렬로 더 연결할수록 R_합성 이 커지므로 전체 소비 전력은 작아집니다."
"45","PHY","물리학","2","전기와 자기","1","전기","2","저항의 연결과 소비 전력","","theory","ba","","저항을 병렬연결한 회로에서 각 저항에 걸리는 전압에 대한 설명으로 옳은 것은?","저항값이 큰 쪽에 더 큰 전압이 걸린다.","저항값이 작은 쪽에 더 큰 전압이 걸린다.","모든 저항에 같은 전압이 걸린다.","저항의 개수에 반비례한다.","3","병렬연결에서는 모든 저항이 같은 두 지점 사이에 연결되어 있으므로, 각 저항에 걸리는 전압이 모두 같고 전원의 전압과도 같습니다. V = V₁ = V₂."
"46","PHY","물리학","2","전기와 자기","1","전기","2","저항의 연결과 소비 전력","","theory","ba","","두 저항 R₁, R₂를 병렬연결할 때 합성저항 R_합성 의 식으로 옳은 것은?","R_합성 = R₁ + R₂","1/R_합성 = 1/R₁ + 1/R₂","R_합성 = R₁ × R₂","R_합성 = (R₁ + R₂)/2","2","병렬연결의 합성저항은 각 저항의 역수의 합의 역수입니다. 1/R_합성 = 1/R₁ + 1/R₂."
"47","PHY","물리학","2","전기와 자기","1","전기","2","저항의 연결과 소비 전력","","theory","ba","","병렬연결 회로에서 전체 전류 I와 각 저항에 흐르는 전류 I₁, I₂의 관계로 옳은 것은?","I = I₁ + I₂","I = I₁ = I₂","I = I₁ × I₂","I = I₁ - I₂","1","병렬연결에서는 전류가 갈라져 흐르므로 전체 전류는 각 저항에 흐르는 전류의 합과 같습니다. I = I₁ + I₂."
"48","PHY","물리학","2","전기와 자기","1","전기","2","저항의 연결과 소비 전력","","theory","ba","","두 저항을 병렬연결했을 때, 저항값이 작은 쪽에 흐르는 전류에 대한 설명으로 옳은 것은?","저항값에 무관하게 전류는 같다.","저항값이 작은 쪽에는 전류가 흐르지 않는다.","저항값이 큰 쪽에 더 큰 전류가 흐른다.","저항값이 작은 쪽에 더 큰 전류가 흐른다.","4","병렬연결에서는 전압이 같으므로 I = V/R 에서 저항값이 작은 쪽에 더 큰 전류가 흐릅니다. I₁ : I₂ = 1/R₁ : 1/R₂."
"49","PHY","물리학","2","전기와 자기","1","전기","2","저항의 연결과 소비 전력","","theory","ba","","병렬연결한 두 저항이 소모하는 소비 전력의 비 P₁ : P₂ 는?","R₁ : R₂","R₁² : R₂²","1/R₁ : 1/R₂","(R₁ + R₂) : (R₁ - R₂)","3","병렬연결은 전압이 같으므로 P = V²/R 에서 P₁ : P₂ = 1/R₁ : 1/R₂. 즉 저항값이 작은 쪽이 소비 전력도 큽니다. (참고: ① R₁:R₂ 는 직렬연결일 때의 비입니다.)"
"50","PHY","물리학","2","전기와 자기","1","전기","2","저항의 연결과 소비 전력","","theory","ba","","R₁ = 6 Ω, R₂ = 3 Ω 을 병렬연결한 회로의 합성저항은?","1 Ω","2 Ω","4.5 Ω","9 Ω","2","1/R_합성 = 1/6 + 1/3 = 1/6 + 2/6 = 3/6 = 1/2. 따라서 R_합성 = 2 Ω."
"51","PHY","물리학","2","전기와 자기","1","전기","2","저항의 연결과 소비 전력","","theory","ba","","전원의 전압이 일정할 때 저항을 병렬로 더 많이 연결할수록 회로 전체 소비 전력은 어떻게 변하는가?","커진다.","작아진다.","변화 없다.","0이 된다.","1","전원 전압 V가 일정할 때 P = V²/R_합성. 병렬로 더 연결할수록 R_합성 이 작아지므로 전체 소비 전력은 커집니다."
"52","PHY","물리학","2","전기와 자기","1","전기","2","저항의 연결과 소비 전력","","theory","ba","","가정의 분전반에서 각 전기 기구가 연결되는 방식과 그 이유로 옳은 것은?","직렬연결 — 전류를 일정하게 공급하기 위해","직렬연결 — 한 기구가 꺼지면 다른 기구도 꺼지게 하기 위해","병렬연결 — 각 전기 기구에 전압을 일정하게 제공하기 위해","병렬연결 — 한 기구가 켜지면 다른 기구도 자동으로 켜지게 하기 위해","3","가정의 분전반에서는 각 전기 기구가 병렬로 연결되어 있어, 어떤 기구를 사용하든 모두 같은 전압(예: 220 V)을 공급받을 수 있습니다."
"53","PHY","물리학","2","전기와 자기","1","전기","2","저항의 연결과 소비 전력","","theory","ba","","멀티탭에 여러 전기 기구를 동시에 연결해서 사용할 때, 멀티탭의 전선에 흐르는 전류는 어떻게 되는가?","기구를 연결할수록 커진다.","기구를 연결할수록 작아진다.","기구의 수와 무관하게 일정하다.","처음에만 커지고 곧 일정해진다.","1","멀티탭의 콘센트는 병렬로 연결되어 있으므로, 기구를 더 연결할수록 전체 전류가 커집니다. 따라서 허용 전류 이상이 흐르면 전선이 과열되어 화재가 발생할 수 있습니다."
"54","PHY","물리학","2","전기와 자기","1","전기","2","저항의 연결과 소비 전력","","theory","ba","","주택용 분전반에서 누전 차단기는 어떤 방식으로 연결되어 있으며, 그 이유는?","직렬 — 가정 내 전체 전류가 허용 전류 이상이면 전력 공급을 차단하기 위해","병렬 — 한 회로만 차단하기 위해","병렬 — 각 회로에 같은 전류를 공급하기 위해","직렬 — 회로마다 전압을 다르게 공급하기 위해","1","누전 차단기는 가정 회로에 직렬로 연결되어 있어, 전체 전류가 허용치를 넘으면 회로 전체의 전력 공급을 차단합니다."
"55","PHY","물리학","2","전기와 자기","1","전기","2","저항의 연결과 소비 전력","","theory","ba","","장식용 전구를 직렬로 연결했을 때의 특징으로 옳지 않은 것은?","전체 전압이 개별 전구에 분배되어 외부 전압이 갑자기 변할 때 전구를 보호할 수 있다.","전구 한 개의 연결만 끊어져도 모든 전구에 불이 들어오지 않는다.","한 전구가 꺼지더라도 나머지 전구는 그대로 동작한다.","각 전구에 흐르는 전류는 모두 같다.","3","직렬연결의 단점은 한 전구만 끊어져도 회로 전체가 끊겨 모든 전구가 꺼진다는 점입니다. ③의 설명은 병렬연결의 특징입니다."
"56","PHY","물리학","2","전기와 자기","1","전기","2","저항의 연결과 소비 전력","","theory","ba","","전기난로에서 저항값이 다른 여러 전열선을 병렬연결한 후 '고온'으로 조절하면, 어느 부분에 연결되어 소비 전력이 커지는가?","저항값이 큰 부분에 연결되어 소비 전력이 커진다.","저항값이 작은 부분에 연결되어 소비 전력이 커진다.","전열선을 모두 끊어 소비 전력이 0이 된다.","전압을 바꿔 소비 전력을 조절한다.","2","병렬연결에서 P = V²/R 이므로 저항값이 작은 부분에 연결될수록 소비 전력이 커집니다. 즉 '고온'은 작은 저항을 선택한 것입니다."
"57","PHY","물리학","2","전기와 자기","1","전기","2","저항의 연결과 소비 전력","","theory","ad","","R₁ = 100 Ω, R₂ = 200 Ω 을 직렬연결하고 양단에 V = 100 V 를 걸었다. R₁에 걸리는 전압 V₁ 과 R₁이 소모하는 전력 P₁은?","V₁ = 33.3 V, P₁ ≈ 0.11 W","V₁ = 33.3 V, P₁ ≈ 11.1 W","V₁ = 66.7 V, P₁ ≈ 22.2 W","V₁ = 50 V, P₁ ≈ 25 W","2","I = V/(R₁+R₂) = 100/300 ≈ 0.333 A. V₁ = IR₁ = 0.333 × 100 ≈ 33.3 V. P₁ = I²R₁ = (0.333)² × 100 ≈ 11.1 W."
"58","PHY","물리학","2","전기와 자기","1","전기","2","저항의 연결과 소비 전력","","theory","ad","","R₁ = 100 Ω, R₂ = 200 Ω 을 병렬연결하고 양단에 V = 100 V 를 걸었다. R₁에 흐르는 전류 I₁ 과 R₁이 소모하는 전력 P₁은?","I₁ = 0.5 A, P₁ = 50 W","I₁ = 0.5 A, P₁ = 100 W","I₁ = 1 A, P₁ = 50 W","I₁ = 1 A, P₁ = 100 W","4","병렬이므로 R₁에 걸리는 전압은 100 V. I₁ = V/R₁ = 100/100 = 1 A. P₁ = VI₁ = 100 × 1 = 100 W."
"59","PHY","물리학","2","전기와 자기","1","전기","2","저항의 연결과 소비 전력","","theory","ad","","정격이 220 V, 16 A 인 멀티탭에 1500 W 전기주전자, 700 W 전자레인지, 1300 W 전기밥솥을 동시에 연결해 사용했다. 안전한가?","안전하다. 합산 전력 약 3500 W → 전류 약 15.9 A 로 16 A 이내이다.","위험하다. 합산 전력 약 3500 W → 전류 약 15.9 A 로 한계에 매우 가깝고, 정격 전압 변동이나 추가 부하 시 16 A를 넘기 쉽다.","안전하다. 정격 전류는 무시해도 된다.","위험하다. 합산 전력이 5000 W를 넘는다.","2","세 기구 합산 소비 전력 = 1500 + 700 + 1300 = 3500 W. I = P/V = 3500/220 ≈ 15.9 A. 정격 16 A에 거의 닿아 있어, 추가로 다른 기구를 꽂거나 정격 전압이 흔들리면 쉽게 16 A를 초과해 위험합니다."
"60","PHY","물리학","2","전기와 자기","1","전기","2","저항의 연결과 소비 전력","","theory","ba","","저항의 직렬연결과 병렬연결을 비교한 설명으로 옳지 않은 것은?","직렬은 모든 지점의 전류가 같고, 병렬은 각 저항에 걸리는 전압이 같다.","직렬은 합성저항이 각 저항의 합, 병렬은 합성저항이 각 저항보다 작아진다.","직렬은 저항값이 큰 쪽에서 소비 전력이 크고, 병렬은 저항값이 작은 쪽에서 소비 전력이 크다.","전원 전압이 일정할 때, 저항을 추가로 연결하면 직렬·병렬 모두 전체 소비 전력이 커진다.","4","전원 전압이 일정할 때 P = V²/R_합성. 저항을 추가로 직렬연결하면 R_합성이 커져 전체 소비 전력은 작아지고, 병렬연결하면 R_합성이 작아져 전체 소비 전력은 커집니다. 즉 직렬과 병렬은 반대입니다."
"61","PHY","물리학","2","전기와 자기","1","전기","3","축전기와 센서","","theory","ba","","축전기에 대한 정의로 가장 옳은 것은?","저항을 거쳐 전기 에너지를 모두 열로 바꾸는 장치","두 전선 사이에 전류를 끊는 안전장치","전류의 방향을 한쪽으로만 흐르게 하는 장치","같은 종류의 전하를 모아 전기적 위치 에너지의 형태로 전기 에너지를 저장하는 장치","4","축전기는 같은 종류의 전하를 모아 전기적 위치 에너지의 형태로 전기 에너지를 저장하는 장치입니다."
"62","PHY","물리학","2","전기와 자기","1","전기","3","축전기와 센서","","theory","ba","","평행판 축전기의 구조에 대한 설명으로 옳은 것은?","두 개의 평평한 금속판을 서로 평행하게 마주 보도록 놓은 구조이다.","하나의 평평한 금속판으로 이루어져 있다.","두 금속판이 서로 직각으로 놓여 있다.","금속판 한 개와 절연체로만 이루어진다.","1","평행판 축전기는 두 개의 평평한 금속판을 서로 평행하게 마주 보도록 만든 구조입니다."
"63","PHY","물리학","2","전기와 자기","1","전기","3","축전기와 센서","","theory","ba","","평행판 축전기의 한 금속판만 있을 때 많은 전하를 모으기 어려운 까닭으로 옳은 것은?","전하 사이의 인력 때문에 전하가 모두 도망간다.","같은 종류의 전하들이 모여 있어 척력이 작용해 많은 전하가 모이지 못한다.","금속판 위에서는 원래 전하가 발생하지 않는다.","한 금속판으로는 전류가 흐르지 않기 때문이다.","2","한 금속판에는 같은 종류의 전하만 모이게 되는데, 같은 종류 전하 사이에는 척력이 작용하여 많은 전하가 모이지 못합니다. 그래서 두 금속판을 마주 보게 놓아 인력으로 더 많은 전하를 모읍니다."
"64","PHY","물리학","2","전기와 자기","1","전기","3","축전기와 센서","","theory","ba","","평행판 축전기에서 두 금속판을 마주 보게 놓으면 더 많은 전하를 모을 수 있는 이유로 옳은 것은?","두 판 사이에 자기력이 작용하기 때문","두 판 사이에 절연체가 없기 때문","두 판이 같은 전하로 대전되기 때문","두 판에 있는 서로 다른 전하 사이에 인력이 작용하기 때문","4","두 금속판을 마주 보게 놓으면 한쪽은 양(+)전하, 반대쪽은 음(-)전하로 대전되어 두 판의 전하 사이에 인력이 작용하기 때문에 같은 종류의 전하 사이의 척력을 이기고 더 많은 전하를 모을 수 있습니다."
"65","PHY","물리학","2","전기와 자기","1","전기","3","축전기와 센서","","theory","ba","","평행판 축전기가 더 많은 전기 에너지를 저장하기 위한 설계 조건으로 옳은 것은?","두 금속판 사이의 거리는 멀게, 면적은 작게 만든다.","두 금속판 사이의 거리와 면적 모두 작게 만든다.","두 금속판 사이의 거리는 가깝게, 면적은 크게 만든다.","두 금속판 사이의 거리와 면적 모두 크게 만든다.","3","평행판 축전기는 두 판 사이가 가까울수록 인접한 금속판의 다른 전하들이 끌어당기는 전기력이 커지고, 면적이 클수록 같은 종류의 전하들이 밀어내는 전기력이 작아져 더 많은 전하를 모을 수 있습니다."
"66","PHY","물리학","2","전기와 자기","1","전기","3","축전기와 센서","","theory","ba","","원통형 축전기의 특징으로 옳은 것은?","두 금속판이 평평하게 마주 본다.","두 금속판이 동그랗게 말린 구조로 되어 있어 부피가 작아도 금속판의 면적을 크게 할 수 있다.","원통형은 부피가 항상 평행판보다 크다.","원통형은 절연체 없이 금속판만으로 이루어진다.","2","원통형 축전기는 두 금속판이 동그랗게 말린 구조로 되어 있어 작은 부피로도 금속판의 면적을 크게 만들 수 있어 많은 전하를 저장할 수 있습니다."
"67","PHY","물리학","2","전기와 자기","1","전기","3","축전기와 센서","","theory","ba","","축전기의 충전(充電)을 옳게 설명한 것은?","축전기를 전원 장치에 연결하여 두 금속판에 전하를 모으는 과정","축전기에 모인 전하가 모두 빠져나가는 과정","축전기 내부에서 화학 반응이 일어나는 과정","축전기에 흐르는 전류를 일정하게 유지하는 과정","1","축전기를 전원 장치에 연결하여 두 금속판에 양(+)전하와 음(-)전하를 모으는 과정을 충전이라고 합니다."
"68","PHY","물리학","2","전기와 자기","1","전기","3","축전기와 센서","","theory","ba","","평행판 축전기를 전지에 연결하여 충전하는 과정에서 두 금속판의 전위차가 어떻게 변하는가?","계속해서 무한히 증가한다.","처음에는 증가하다가 0으로 돌아간다.","전혀 변하지 않는다.","전지의 전위차와 같아질 때까지 증가한다.","4","두 금속판 사이의 전위차가 전원 장치(전지)의 전위차와 같아질 때까지 한쪽 금속판에는 양(+)전하, 반대쪽 금속판에는 음(-)전하가 모입니다."
"69","PHY","물리학","2","전기와 자기","1","전기","3","축전기와 센서","","theory","ba","","축전기의 방전(放電)을 옳게 설명한 것은?","축전기에 더 많은 전하를 모으는 과정","축전기 내부의 절연체가 두꺼워지는 과정","축전기에 전류가 흐르지 않도록 분리하는 과정","충전된 축전기를 전구 등에 연결하여 전위차가 0이 될 때까지 전하가 빠져나가는 과정","4","충전된 축전기는 전위차를 가지므로 전구 등에 연결하면 전위차가 0이 될 때까지 전하가 빠져나가는데, 이 과정을 방전이라고 합니다."
"70","PHY","물리학","2","전기와 자기","1","전기","3","축전기와 센서","","theory","ba","","충전된 축전기를 전구에 연결했을 때 일어나는 현상으로 옳은 것은?","방전이 일어나며 전구에 불이 켜졌다가, 전위차가 0이 되면 꺼진다.","전구에 불이 켜지지 않는다.","전구에 영원히 불이 켜진다.","축전기의 전압이 계속 증가한다.","1","충전된 축전기와 전구를 연결하면 축전기의 전하가 전구를 거쳐 빠져나가는 방전이 일어나 전구에 불이 켜집니다. 전위차가 0이 되면 전류가 흐르지 않아 불이 꺼집니다."
"71","PHY","물리학","2","전기와 자기","1","전기","3","축전기와 센서","","theory","ba","","축전기, 9 V 전지, 발광 다이오드(LED), 스위치를 연결한 회로에서 스위치를 닫아 충전한 후, 전지를 빼고 LED를 축전기에 연결했을 때 일어나는 현상으로 옳은 것은?","LED는 전혀 불이 들어오지 않는다.","LED가 영원히 켜진 채로 유지된다.","축전기에서 방전이 일어나 LED에 짧은 시간 동안 불이 켜졌다가 꺼진다.","축전기가 다시 충전되어 전압이 9 V를 넘는다.","3","충전된 축전기를 LED에 연결하면 축전기에 모인 전하가 LED를 통해 빠져나가는 방전이 일어나 LED에 잠시 불이 켜졌다가, 전하가 다 빠지면 꺼집니다."
"72","PHY","물리학","2","전기와 자기","1","전기","3","축전기와 센서","","theory","ba","","충전 중인 축전기에 흐르는 전류의 변화로 옳은 것은?","일정한 값으로 계속 유지된다.","처음에는 0이고 시간이 지나면 점점 커진다.","처음에는 흐르지만 두 판의 전위차가 전원의 전위차와 같아지면 0이 된다.","방향이 계속 바뀐다.","3","충전 과정에서 두 금속판 사이의 전위차가 전원의 전위차와 같아지면 더 이상 전하가 이동하지 않으므로 전류가 0이 됩니다."
"73","PHY","물리학","2","전기와 자기","1","전기","3","축전기와 센서","","theory","ba","","방전 중인 축전기에 대한 설명으로 옳은 것은?","전위차가 0이 될 때까지 전하가 빠져나간다.","전위차가 점점 커진다.","전류가 흐르지 않는다.","전류가 처음부터 끝까지 일정하다.","1","방전 과정에서는 충전된 축전기의 전위차가 0이 될 때까지 전하가 회로를 통해 빠져나갑니다."
"74","PHY","물리학","2","전기와 자기","1","전기","3","축전기와 센서","","theory","ba","","축전기가 활용되는 기기 중 충전과 방전의 기능을 모두 이용하는 것으로 옳지 않은 것은?","자동 심장 충격기(AED)","카메라 플래시","어댑터","단순 저항기","4","자동 심장 충격기, 카메라 플래시, 어댑터 등은 모두 축전기의 충·방전 기능을 이용합니다. 단순 저항기는 전기 에너지를 열로 소모하는 부품으로 축전기와는 다릅니다."
"75","PHY","물리학","2","전기와 자기","1","전기","3","축전기와 센서","","theory","ba","","자동 심장 충격기(AED)에 축전기가 활용되는 까닭으로 가장 옳은 것은?","전기 신호의 잡음을 제거하기 위해","심장에 많은 양의 전기 에너지를 짧은 시간에 공급해야 하기 때문","심장에 일정한 전류를 천천히 지속적으로 흘려야 하기 때문","환자의 체온을 유지하기 위해","2","자동 심장 충격기는 심장에 많은 양의 전기 에너지를 매우 짧은 시간에 공급해야 하므로, 작은 공간에 많은 에너지를 저장하고 방전 시 빠르게 방출할 수 있는 충전 용량이 큰 축전기가 활용됩니다."
"76","PHY","물리학","2","전기와 자기","1","전기","3","축전기와 센서","","theory","ba","","카메라 플래시에 축전기가 사용되는 원리로 가장 옳은 것은?","축전기의 저항이 빛을 만든다.","축전기에 미리 전기 에너지를 저장해 두었다가 짧은 시간에 방전시켜 큰 빛을 낸다.","축전기가 직접 빛을 발생시키는 부품이다.","축전기는 카메라의 초점을 조절한다.","2","플래시는 미리 축전기에 전기 에너지를 저장해 두었다가, 셔터를 누르는 순간 짧은 시간에 방전시켜 강한 빛을 만들어 냅니다."
"77","PHY","물리학","2","전기와 자기","1","전기","3","축전기와 센서","","theory","ba","","축전기가 다음과 같이 활용되는 공통적인 까닭으로 옳은 것은? 예: 자동 심장 충격기, 카메라 플래시","전류를 한쪽 방향으로만 흐르게 한다.","작은 공간에 많은 전기 에너지를 저장하고 방전 시 에너지를 빠르게 방출할 수 있다.","전류의 세기를 항상 일정하게 유지한다.","전압을 단계적으로 낮춘다.","2","축전기는 작은 공간에 많은 전기 에너지를 저장할 수 있고, 방전 시 빠르게 에너지를 방출할 수 있는 특성을 갖기 때문에 짧은 시간에 큰 에너지가 필요한 기기에 사용됩니다."
"78","PHY","물리학","2","전기와 자기","1","전기","3","축전기와 센서","","theory","ba","","축전기에 물리적 변화가 생겼을 때 충전된 전하가 변하는 원리를 이용한 기기에 해당하지 않는 것은?","전기 용량식 터치스크린","전기 용량식 습도 센서","전기 용량식 가속도 센서","백열 전구","4","전기 용량식 터치스크린, 습도 센서, 가속도 센서는 외부의 물리적 변화(접촉, 습도, 가속도 등)에 따라 축전기의 전기 용량(전하량)이 바뀌는 원리를 이용합니다. 백열 전구는 필라멘트의 저항으로 빛을 내는 기기로 축전기 원리와 무관합니다."
"79","PHY","물리학","2","전기와 자기","1","전기","3","축전기와 센서","","theory","ba","","전기 용량식 터치스크린의 구조에 대한 설명으로 옳은 것은?","하나의 두꺼운 금속판만으로 이루어진다.","두 개의 얇은 투명 전극 위에 전도성을 높인 유리가 코팅된 구조이다.","절연체만으로 이루어져 있다.","한 개의 자석과 한 개의 전선만으로 이루어진다.","2","전기 용량식 터치스크린은 두 개의 얇은 투명 전극 위에 전도성을 높인 유리가 코팅된 구조로, 두 투명 전극이 평행판 축전기의 역할을 합니다."
"80","PHY","물리학","2","전기와 자기","1","전기","3","축전기와 센서","","theory","ba","","전기 용량식 터치스크린에서 손가락이 접촉했을 때 위치를 인식하는 원리로 옳은 것은?","접촉 지점의 전자가 손가락을 타고 빠져나가 전하량 변화를 감지하여 위치를 알아낸다.","손가락의 온도 변화를 감지한다.","손가락에서 발생하는 빛을 카메라가 인식한다.","손가락의 무게를 압력 센서로 측정한다.","1","손가락처럼 전도성을 가진 물체가 스크린에 접촉하면 그 지점의 전자가 손가락을 타고 빠져나가는데, 센서가 이때의 전하량 변화를 감지하여 접촉 위치를 알아냅니다."
"81","PHY","물리학","2","전기와 자기","1","전기","3","축전기와 센서","","theory","ba","","센서의 일반적인 역할로 가장 옳은 것은?","전기 에너지를 빛으로만 변환한다.","기기의 온도를 항상 일정하게 유지시킨다.","스마트 기기 외부의 환경 변화를 감지하고 전기 신호로 변환하여 컴퓨터에 정보를 전달한다.","전류의 방향을 바꾸는 역할만 한다.","3","센서는 스마트 기기 외부의 환경 변화(접촉, 습도, 가속도 등)를 감지하고, 이를 전기적 신호로 변환하여 컴퓨터(기기)에 해당 정보를 전달해 주는 역할을 합니다."
"82","PHY","물리학","2","전기와 자기","1","전기","3","축전기와 센서","","theory","ba","","전기 용량식 습도 센서가 작동하는 원리로 가장 옳은 것은?","습도가 변하면 자석의 세기가 바뀌어 신호가 발생한다.","습도가 변하면 저항선이 끊어진다.","습도가 변하면 축전기의 전기 용량(저장되는 전하량)이 변하는 원리를 이용해 신호로 변환한다.","습도가 변하면 전구의 밝기가 강해진다.","3","전기 용량식 습도 센서는 습도(공기 중 수분량)가 변할 때 축전기의 전기 용량이 달라지는 원리를 이용하여, 그 변화를 전기 신호로 변환해 습도를 측정합니다."
"83","PHY","물리학","2","전기와 자기","1","전기","3","축전기와 센서","","theory","ba","","바나나로 스마트폰의 정전식(전기 용량식) 터치스크린을 작동시킬 수 있는 까닭으로 옳은 것은?","바나나가 빛을 내기 때문","바나나가 무겁기 때문","바나나의 색이 노랗기 때문","바나나가 수분을 많이 포함하여 전도성이 있기 때문","4","전기 용량식 터치스크린은 전도성이 있는 물체가 닿을 때만 작동합니다. 바나나는 수분이 많아 전도성이 있어 손가락처럼 전하의 이동을 일으킬 수 있기 때문에 작동시킬 수 있습니다."
"84","PHY","물리학","2","전기와 자기","1","전기","3","축전기와 센서","","theory","ba","","두꺼운 고무장갑을 낀 채로 정전식 터치스크린을 만지면 작동하지 않는 까닭으로 가장 옳은 것은?","고무장갑은 전도성이 없어 전하의 이동이 일어나지 않기 때문","고무장갑이 너무 무겁기 때문","고무장갑이 화면의 빛을 가리기 때문","고무장갑이 자성을 띠기 때문","1","정전식 터치스크린은 전도성 물체와의 접촉으로 전하량 변화를 감지하는데, 고무장갑은 절연체(전도성이 없음)이므로 전하의 이동이 일어나지 않아 스크린이 작동하지 않습니다."
"85","PHY","물리학","2","전기와 자기","1","전기","3","축전기와 센서","","theory","ba","","평행판 축전기에서 두 금속판 사이의 거리를 그대로 두고, 금속판의 면적만 2배로 늘렸을 때 저장할 수 있는 전하량의 변화로 가장 옳은 것은?","저장할 수 있는 전하량이 줄어든다.","변화 없다.","저장할 수 있는 전하량이 늘어난다.","전하가 모두 사라진다.","3","금속판의 면적이 클수록 같은 종류의 전하들이 서로 밀어내는 전기력이 작아져 더 많은 전하를 모을 수 있습니다. 따라서 저장할 수 있는 전하량이 늘어납니다."
"86","PHY","물리학","2","전기와 자기","1","전기","3","축전기와 센서","","theory","ba","","평행판 축전기에서 금속판의 면적을 그대로 두고, 두 금속판 사이의 거리를 늘렸을 때 저장할 수 있는 전하량의 변화로 가장 옳은 것은?","저장할 수 있는 전하량이 줄어든다.","저장할 수 있는 전하량이 늘어난다.","변화 없다.","전하가 모두 음(-)전하로 바뀐다.","1","두 금속판 사이의 거리가 가까울수록 두 판의 다른 전하 사이의 인력이 강해져 더 많은 전하를 모을 수 있습니다. 거리를 늘리면 인력이 약해져 저장할 수 있는 전하량이 줄어듭니다."
"87","PHY","물리학","2","전기와 자기","1","전기","3","축전기와 센서","","theory","ba","","같은 부피일 때 평행판 축전기에 비해 원통형 축전기가 갖는 장점으로 옳은 것은?","전하를 더 많이 저장할 수 있도록 금속판의 면적을 크게 할 수 있다.","절연체가 필요 없어진다.","충전 시간이 항상 더 짧다.","방전이 일어나지 않는다.","1","원통형 축전기는 두 금속판이 말려 있는 구조이므로 같은 부피라도 금속판을 길게 만들어 면적을 크게 할 수 있고, 따라서 더 많은 전하를 저장할 수 있습니다."
"88","PHY","물리학","2","전기와 자기","1","전기","3","축전기와 센서","","theory","ad","","자동 심장 충격기(AED)에 축전기를 사용할 때 갖춰야 할 핵심 특성을 가장 잘 짝지은 것은?","저장 용량이 작고 방전 시간이 길다.","저장 용량이 크고 방전 시간이 길다.","저장 용량이 크고 방전 시간이 짧다(빠르게 방출).","저장 용량이 작고 방전 시간이 짧다.","3","AED는 심장에 짧은 시간에 많은 전기 에너지를 공급해야 하므로 첫째, 충전 용량이 커야 하고, 둘째, 방전 시 에너지를 빠르게 방출(짧은 방전 시간)해야 합니다."
"89","PHY","물리학","2","전기와 자기","1","전기","3","축전기와 센서","","theory","ad","","다음 중 축전기의 충전 또는 방전 원리를 직접 이용한 기기끼리 짝지은 것은?","자동 심장 충격기, 카메라 플래시","백열 전구, 형광등","건전지, 태양전지","전기 주전자, 전기 밥솥","1","자동 심장 충격기와 카메라 플래시는 모두 축전기의 충전·방전 기능을 직접 이용합니다. 백열 전구·형광등은 저항·방전 등을 이용한 발광 기기이고, 건전지·태양전지는 전원 장치이며, 주전자·밥솥은 저항(전열선)을 이용한 발열 기기입니다."
"90","PHY","물리학","2","전기와 자기","1","전기","3","축전기와 센서","","theory","ba","","축전기에 대한 설명으로 옳지 않은 것은?","전기 에너지를 전기적 위치 에너지의 형태로 저장한다.","두 금속판 사이의 거리가 가깝고 면적이 클수록 더 많은 전하를 저장할 수 있다.","충전된 축전기는 전위차를 가지며, 전구에 연결하면 방전이 일어난다.","축전기는 저장된 전하를 시간이 아무리 지나도 절대로 잃지 않으므로 영구적인 전원 장치로 사용된다.","4","축전기는 전기 에너지를 저장하는 장치이지 영구적인 전원 장치가 아닙니다. 충전된 축전기를 회로에 연결하면 방전을 통해 전하가 빠져나가며, 일정 시간이 지나면 사용한 에너지를 다 잃습니다. 영구적으로 전기를 공급하려면 전지 같은 별도의 전원 장치가 필요합니다."
"91","PHY","물리학","2","전기와 자기","2","자기","1","물질의 자성","","theory","ba","","자기력에 대한 설명으로 옳은 것은?","자석의 같은 극끼리는 인력, 다른 극끼리는 척력이 작용한다.","자석의 같은 극끼리는 척력, 다른 극끼리는 인력이 작용한다.","자석의 모든 극 사이에는 인력만 작용한다.","자석의 모든 극 사이에는 척력만 작용한다.","2","자기력은 자석 사이에 작용하는 힘으로, 같은 극끼리는 서로 밀어내는 척력, 다른 극끼리는 서로 끌어당기는 인력이 작용합니다."
"92","PHY","물리학","2","전기와 자기","2","자기","1","물질의 자성","","theory","ba","","자기장의 정의로 가장 옳은 것은?","전기력이 작용하는 공간","전자기파가 진행하는 공간","중력이 작용하는 공간","자기력이 작용하는 공간","4","자기력이 작용하는 공간을 자기장이라고 합니다."
"93","PHY","물리학","2","전기와 자기","2","자기","1","물질의 자성","","theory","ba","","자기장의 방향에 대한 정의로 옳은 것은?","자기장 속에 놓인 나침반의 N극이 가리키는 방향","자기장 속에 놓인 나침반의 S극이 가리키는 방향","자석에서 멀어지는 방향","자기장의 세기가 가장 약한 방향","1","자기장의 방향은 자기장 속에 나침반을 놓았을 때 자침의 N극이 가리키는 방향으로 정의합니다."
"94","PHY","물리학","2","전기와 자기","2","자기","1","물질의 자성","","theory","ba","","자기력선에 대한 설명으로 옳은 것은?","자기장의 세기를 양수와 음수로 나눠 표시하는 선","자기장의 방향을 연속적으로 이은 선","자석의 가장자리에만 그릴 수 있는 선","자기력이 작용하지 않는 영역을 표시하는 선","2","자기력선은 자기장의 방향(나침반 N극이 가리키는 방향)을 연속적으로 이은 선입니다."
"95","PHY","물리학","2","전기와 자기","2","자기","1","물질의 자성","","theory","ba","","막대자석 주위에 철 가루를 뿌렸을 때 일어나는 현상으로 옳은 것은?","철 가루가 무질서하게 흩어진다.","철 가루가 일정한 모양(자기력선 모양)으로 배열된다.","철 가루가 모두 자석에서 멀리 도망간다.","철 가루의 색이 변한다.","2","막대자석 주위에 철 가루를 뿌리면 자기장의 방향에 따라 일정한 모양으로 배열되는데, 이 모양이 자기력선의 모양과 같습니다."
"96","PHY","물리학","2","전기와 자기","2","자기","1","물질의 자성","","theory","ba","","원자 하나가 자성을 띠게 되는 자성의 근원 두 가지로 옳은 것은?","전자의 궤도 운동과 전자의 스핀","원자핵의 진동과 전자의 진동","양성자의 회전과 중성자의 회전","전자의 이동(전류)과 자기장의 변화","1","원자가 자성을 띠게 되는 근원은 두 가지입니다. (1) 음(-)전하를 띤 전자가 원자핵 주변을 도는 '궤도 운동' — 이 자체가 작은 전류 고리 역할을 해 자기장을 만듭니다. (2) 전자의 '스핀' — 전자가 스스로 자전하는 것 같은 성질로, 이것도 자기장을 만듭니다."
"97","PHY","물리학","2","전기와 자기","2","자기","1","물질의 자성","","theory","ba","","전자의 궤도 운동이 자기장을 만드는 까닭으로 가장 옳은 것은?","전자가 빛을 방출하기 때문","전자가 정지해 있기 때문","전자가 원자핵에 충돌하기 때문","음(-)전하를 띤 전자가 원자핵 주변을 도는 것이 곧 전류의 흐름이기 때문","4","음(-)전하를 띤 전자가 원자핵 주변을 회전하는 것은 곧 전류 고리(전류가 흐르는 원형 도선)와 같은 역할을 하므로 자기장을 만듭니다."
"98","PHY","물리학","2","전기와 자기","2","자기","1","물질의 자성","","theory","ba","","전자의 스핀에 대한 설명으로 가장 옳은 것은?","전자가 원자핵에 흡수되는 현상","전자가 스스로 자전하는 것에 비유할 수 있는 성질로, 자기장을 만든다.","전자가 다른 원자로 이동하는 현상","전자가 빛을 흡수하는 현상","2","스핀은 마치 지구가 스스로 자전하는 것처럼 전자의 자전에 비유할 수 있는 성질로, 전자의 스핀에 의해서도 자기장이 만들어져 자성을 띠게 합니다."
"99","PHY","물리학","2","전기와 자기","2","자기","1","물질의 자성","","theory","ba","","자석을 반으로 잘랐을 때 일어나는 현상으로 옳은 것은?","N극과 S극이 분리된다.","N극만 있는 자석을 만들 수 있다.","두 자석 모두 다시 N극과 S극을 갖는다.","두 토막 모두 자성을 잃는다.","3","자석을 반으로 자르더라도 N극과 S극은 분리되지 않습니다. 물질을 구성하는 원자 하나하나가 그 자체로 작은 자석(원자 자석) 역할을 하기 때문에, 자르더라도 양쪽 모두 N극과 S극을 갖게 됩니다."
"100","PHY","물리학","2","전기와 자기","2","자기","1","물질의 자성","","theory","ba","","원자 자석의 개념을 가장 옳게 설명한 것은?","자석을 매우 작게 만든 인공 부품","원자 하나하나가 그 자체로 작은 자석의 역할을 하는 것","원자에 자석을 붙여 자기화시킨 것","원자핵이 외부 자기장을 만드는 현상","2","전자의 궤도 운동과 스핀에 의해 원자 하나하나가 그 자체로 작은 자석의 역할을 하는데, 이를 원자 자석이라고 합니다."
"101","PHY","물리학","2","전기와 자기","2","자기","1","물질의 자성","","theory","ba","","자기화(자화)에 대한 정의로 가장 옳은 것은?","자석이 시간이 지나며 자성을 잃는 현상","자석이 전기를 띠게 되는 현상","자석을 가열하여 N·S극을 바꾸는 과정","원자 자석이 외부 자기장과 나란하게 정렬되면서 자성을 띠는 현상","4","원자 자석이 외부 자기장과 나란하게 정렬되면서 자성을 띠는 현상을 자기화(자화)라고 합니다."
"102","PHY","물리학","2","전기와 자기","2","자기","1","물질의 자성","","theory","ba","","자성체에 대한 정의로 옳은 것은?","전기를 잘 통하는 물질","자성을 띠는 물질","빛을 반사하는 물질","열을 잘 전달하는 물질","2","자성을 띠는 물질을 자성체라고 합니다."
"103","PHY","물리학","2","전기와 자기","2","자기","1","물질의 자성","","theory","ba","","외부 자기장에 대한 반응으로 자성체를 분류한 세 종류로 옳은 것은?","도체 / 부도체 / 반도체","전기성체 / 자기성체 / 중력성체","양자성체 / 음자성체 / 중성자성체","강자성체 / 상자성체 / 반자성체","4","자성체는 외부 자기장에 반응하는 정도와 자기화되는 방향에 따라 강자성체, 상자성체, 반자성체로 분류됩니다."
"104","PHY","물리학","2","전기와 자기","2","자기","1","물질의 자성","","theory","ba","","강자성체에 대한 설명으로 옳은 것은?","자석에 약하게 끌리는 물질","자석에 약하게 밀려나는 물질","자석에 강하게 끌리는 물질","자석에 전혀 반응하지 않는 물질","3","강자성체는 자석에 강하게 끌리는 물질로, 철·니켈·코발트 등이 대표적입니다."
"105","PHY","물리학","2","전기와 자기","2","자기","1","물질의 자성","","theory","ba","","강자성체의 예로 옳은 것은?","알루미늄, 마그네슘","구리, 유리, 금","철, 니켈, 코발트","수소, 산소, 질소","3","강자성체의 대표적인 예는 철, 니켈, 코발트입니다."
"106","PHY","물리학","2","전기와 자기","2","자기","1","물질의 자성","","theory","ba","","상자성체에 대한 설명으로 옳은 것은?","자석에 약하게 끌리는 물질","자석에 강하게 끌리는 물질","자석에 약하게 밀려나는 물질","자석에 강하게 밀려나는 물질","1","상자성체는 자석에 약하게 끌리는 물질로, 알루미늄·마그네슘·텅스텐·종이·산소 등이 있습니다."
"107","PHY","물리학","2","전기와 자기","2","자기","1","물질의 자성","","theory","ba","","상자성체의 예로 옳은 것은?","알루미늄, 마그네슘, 텅스텐, 산소","철, 니켈, 코발트","구리, 유리, 금, 수소","초전도체","1","상자성체의 예는 알루미늄, 마그네슘, 텅스텐, 종이, 산소 등입니다."
"108","PHY","물리학","2","전기와 자기","2","자기","1","물질의 자성","","theory","ba","","반자성체에 대한 설명으로 옳은 것은?","자석에 강하게 끌린다.","자석에 약하게 끌린다.","자석에 약하게 밀려난다.","자석을 끌어당기는 자석 자체이다.","3","반자성체는 외부 자기장과 반대 방향으로 약하게 자기화되어 자석에 약하게 밀려나는 물질입니다. 구리·유리·금·수소·물 등이 있습니다."
"109","PHY","물리학","2","전기와 자기","2","자기","1","물질의 자성","","theory","ba","","반자성체의 예로 옳은 것은?","철, 니켈, 코발트","알루미늄, 마그네슘","구리, 유리, 금, 수소, 물","산소, 종이, 텅스텐","3","반자성체의 예는 구리, 유리, 금, 수소, 물 등이며, 완전 반자성을 띠는 물질로는 초전도체가 있습니다."
"110","PHY","물리학","2","전기와 자기","2","자기","1","물질의 자성","","theory","ba","","외부 자기장을 가했을 때 자기화되는 방향이 외부 자기장과 같은 방향인 자성체는?","강자성체와 상자성체","반자성체만","강자성체와 반자성체","상자성체와 반자성체","1","강자성체와 상자성체는 외부 자기장과 같은 방향으로 자기화됩니다(끌림). 반자성체는 외부 자기장과 반대 방향으로 자기화됩니다(밀림)."
"111","PHY","물리학","2","전기와 자기","2","자기","1","물질의 자성","","theory","ba","","외부 자기장을 제거했을 때 자기화된 상태가 오래 유지되는 자성체는?","강자성체","상자성체","반자성체","모든 자성체에서 동일하게 사라진다.","1","강자성체만 외부 자기장을 제거해도 자기화된 상태가 오래 유지됩니다. 상자성체와 반자성체는 외부 자기장을 제거하면 자기화된 상태가 바로 사라집니다."
"112","PHY","물리학","2","전기와 자기","2","자기","1","물질의 자성","","theory","ba","","자석에 붙였다가 뗀 클립이 다른 클립을 끌어당기는 까닭으로 가장 옳은 것은?","클립이 강자성체이므로 자석에 의해 자기화된 상태가 잠시 남아 있기 때문","클립이 영구 자석으로 만들어졌기 때문","클립이 상자성체이므로 자기장을 영원히 보존하기 때문","클립의 무게가 변했기 때문","1","클립의 재료(철)는 강자성체로, 자석에 붙어 있는 동안 외부 자기장에 의해 자기화됩니다. 자석을 떼어도 자기화된 상태가 어느 정도 유지되어 다른 클립을 끌어당길 수 있습니다."
"113","PHY","물리학","2","전기와 자기","2","자기","1","물질의 자성","","theory","ba","","하드 디스크의 플래터에 강자성체가 얇게 코팅되어 있는 까닭으로 옳은 것은?","전기 신호를 빛으로 변환하기 위해","플래터를 가볍게 하기 위해","헤드의 자기장 방향에 따라 강자성체가 자기화되며 0과 1의 디지털 정보를 저장하기 위해","플래터의 색을 변화시키기 위해","3","하드 디스크의 플래터에는 강자성체가 얇게 코팅되어 있어, 헤드가 플래터 위를 움직일 때 0과 1의 디지털 신호에 따라 자기장의 방향이 바뀌고, 강자성체가 그 방향으로 자기화되면서 정보가 저장됩니다."
"114","PHY","물리학","2","전기와 자기","2","자기","1","물질의 자성","","theory","ba","","자기 저항 메모리(MRAM)의 작동 원리로 옳은 것은?","전류의 세기 변화를 직접 측정한다.","강자성체의 자기화 배열에 따라 저항이 달라지는 원리를 이용한다.","축전기의 충·방전 시간을 측정한다.","빛의 회절을 이용한다.","2","자기 저항 메모리(MRAM)는 강자성체의 자기화 배열 상태에 따라 저항이 달라지는 원리를 이용한 메모리 기술입니다. 전원이 끊겨도 데이터가 유지되며 속도가 빠르고 전력 소모가 낮습니다."
"115","PHY","물리학","2","전기와 자기","2","자기","1","물질의 자성","","theory","ba","","냉장고 문 테두리에 사용되는 고무 자석에 대한 설명으로 옳은 것은?","고무에 상자성체 분말을 섞어 만든다.","고무 자체가 자성을 띤다.","고무에 반자성체 분말을 섞어 만든다.","고무에 강자성체 분말을 섞어 만든다.","4","고무 자석은 강자성체 분말을 고무에 섞어서 만들며, 고무처럼 유연하게 굽힐 수 있어 냉장고 문 테두리처럼 다양한 곳에 활용됩니다."
"116","PHY","물리학","2","전기와 자기","2","자기","1","물질의 자성","","theory","ba","","도서관의 도난 방지 시스템에서 책에 붙어 있는 감응 테이프의 재료로 옳은 것은?","반자성체","강자성체","절연체","초전도체","2","도서관 책에는 강자성체로 만들어진 감응 테이프가 붙어 있어, 자성이 제거되지 않은 채 도난 방지 센서를 지나가면 경보가 울립니다. 책을 정상적으로 대출할 때는 감응 테이프의 자성을 제거합니다."
"117","PHY","물리학","2","전기와 자기","2","자기","1","물질의 자성","","theory","ba","","초전도체에 대한 설명으로 옳은 것은?","임계 온도 이상에서 저항이 0이 되는 물질","임계 온도 이하에서 저항이 0이 되는 물질","온도와 무관하게 항상 저항이 무한대인 물질","전류가 흐르면 항상 열을 발생시키는 물질","2","초전도 현상은 임계 온도 이하에서 물질의 저항이 0이 되는 현상이며, 이러한 현상이 나타나는 물질을 초전도체라고 합니다. 1911년 오너스가 절대 온도 4.2 K에서 수은이 보이는 현상을 발견했습니다."
"118","PHY","물리학","2","전기와 자기","2","자기","1","물질의 자성","","theory","ba","","초전도체가 갖는 자기적 성질로 가장 옳은 것은?","완전 강자성","완전 상자성","완전 반자성","자성을 띠지 않음","3","초전도체는 외부 자기장을 밀어내는 완전 반자성을 띱니다. 외부 자기장이 초전도체 내부로 침투하지 못하기 때문에 초전도체 위에 영구 자석을 올리면 자석이 떠 있게 됩니다(자기 부상)."
"119","PHY","물리학","2","전기와 자기","2","자기","1","물질의 자성","","theory","ba","","초전도체로 송전선을 만들면 기존 구리 케이블에 비해 갖는 장점으로 옳은 것은?","전선의 무게가 더 무거워진다.","전선의 색깔이 변하면서 발광한다.","임계 온도가 자동으로 유지되어 냉각이 필요 없다.","저항이 0이므로 전류가 흘러도 열이 발생하지 않아 전력 손실을 크게 줄일 수 있다.","4","초전도체는 저항이 0이므로 전류가 흘러도 열이 발생하지 않아 전력 손실을 크게 줄일 수 있고, 기존 구리 케이블에 비해 5배 이상의 큰 전력을 보낼 수 있습니다. (단, 액체 질소 등으로 임계 온도 이하를 유지해야 함)"
"120","PHY","물리학","2","전기와 자기","2","자기","1","물질의 자성","","theory","ba","","세 자성체에 대한 비교 설명으로 옳지 않은 것은?","강자성체는 자석에 강하게 끌리고, 외부 자기장을 제거해도 자기화된 상태가 오래 유지된다.","상자성체는 자석에 약하게 끌리고, 외부 자기장을 제거하면 자기화된 상태가 바로 사라진다.","반자성체는 외부 자기장과 반대 방향으로 약하게 자기화되어 자석에 약하게 밀려난다.","강자성체와 반자성체는 모두 외부 자기장과 같은 방향으로 자기화된다.","4","외부 자기장과 같은 방향으로 자기화되는 것은 강자성체와 상자성체입니다. 반자성체는 외부 자기장과 반대 방향으로 자기화되어 자석에 밀려납니다."
"121","PHY","물리학","2","전기와 자기","2","자기","2","전류의 자기 작용","","theory","ba","","1820년 외르스테드가 발견한 현상으로 옳은 것은?","전류가 흐르는 도선 주위에 전기장이 생긴다.","전류가 흐르는 도선 주위에 자기장이 생긴다.","자석을 흔들면 전류가 흐른다.","빛이 자기장을 만든다.","2","1820년 외르스테드는 전류가 흐르는 도선 주위에 자기장이 생기는 것을 발견했습니다. 이것이 전류의 자기 작용에 대한 최초의 발견입니다."
"122","PHY","물리학","2","전기와 자기","2","자기","2","전류의 자기 작용","","theory","ba","","도선에 전류를 흘려 주변의 나침반의 N극이 가리키는 방향을 관찰했더니 일정한 방향으로 회전했다. 이로부터 알 수 있는 사실로 옳은 것은?","도선이 자석으로 변했다.","전류가 흐르는 도선 주위에 자기장이 형성되어 자기력이 작용했다.","나침반 자체에 전류가 흘렀다.","온도가 변해 나침반이 회전했다.","2","전류가 흐르는 도선 주위에는 자기장이 만들어지므로, 그 자기장에 의해 나침반의 자침이 자기력을 받아 일정한 방향으로 회전합니다."
"123","PHY","물리학","2","전기와 자기","2","자기","2","전류의 자기 작용","","theory","ba","","직선 도선에 흐르는 전류의 방향을 반대로 바꾸면 도선 주위 자기장의 방향은 어떻게 되는가?","변하지 않는다.","방향이 반대가 된다.","수직 방향으로 바뀐다.","자기장이 사라진다.","2","직선 전류에 의한 자기장의 방향은 전류 방향에 따라 결정되므로, 전류의 방향이 반대가 되면 자기장의 방향도 반대가 됩니다."
"124","PHY","물리학","2","전기와 자기","2","자기","2","전류의 자기 작용","","theory","ba","","직선 도선에 전류가 흐를 때 도선 주위에 만들어지는 자기장의 모양으로 옳은 것은?","방사형(직선이 사방으로 뻗는 모양)","도선을 중심으로 한 동심원 모양","도선과 평행한 직선 모양","자기장이 만들어지지 않는다.","2","직선 전류 주위에는 도선을 중심으로 한 동심원(원) 모양의 자기장이 생깁니다."
"125","PHY","물리학","2","전기와 자기","2","자기","2","전류의 자기 작용","","theory","ba","","직선 전류에 의한 자기장의 방향을 찾는 오른손 법칙으로 옳은 것은?","오른손 엄지를 전류의 방향으로 향하게 할 때 나머지 네 손가락이 도선을 감아쥐는 방향이 자기장의 방향이다.","오른손 엄지를 자기장 방향으로 하면 네 손가락이 전류 방향을 가리킨다.","왼손 손바닥을 펴면 손바닥이 자기장 방향이다.","오른손 검지가 전류의 방향이다.","1","직선 전류에 의한 자기장의 방향은 오른손 엄지손가락이 전류의 방향을 향하도록 할 때 나머지 네 손가락으로 도선을 감아쥐는 방향입니다."
"126","PHY","물리학","2","전기와 자기","2","자기","2","전류의 자기 작용","","theory","ba","","직선 전류에 의한 자기장의 세기는 어떻게 변하는가?","전류의 세기에 비례하고, 도선으로부터 거리에 반비례한다.","전류의 세기에 비례하고, 도선으로부터 거리에 비례한다.","전류의 세기에 반비례하고, 도선으로부터 거리에 비례한다.","전류와 거리에 모두 무관하다.","1","직선 전류에 의한 자기장의 세기 B는 전류의 세기 I에 비례하고, 도선으로부터의 거리 r에 반비례합니다. (B ∝ I/r)"
"127","PHY","물리학","2","전기와 자기","2","자기","2","전류의 자기 작용","","theory","ba","","직선 도선으로부터 거리가 2배 멀어지면, 도선 주위 자기장의 세기는 어떻게 변하는가? (전류는 일정)","2배가 된다.","4배가 된다.","변하지 않는다.","1/2배가 된다.","4","직선 전류에 의한 자기장 세기는 거리에 반비례(B ∝ 1/r)하므로, 거리가 2배가 되면 자기장 세기는 1/2배가 됩니다."
"128","PHY","물리학","2","전기와 자기","2","자기","2","전류의 자기 작용","","theory","ba","","원형 도선의 중심에서 자기장의 방향에 대한 설명으로 옳은 것은?","원형 도선이 만드는 평면과 평행하다.","원형 도선이 만드는 평면에 수직이다.","전류와 같은 방향이다.","전류와 반대 방향이다.","2","원형 전류 중심에서 자기장의 방향은 원형 도선이 만드는 평면에 수직입니다. (오른손 네 손가락으로 전류 방향을 감아쥘 때 엄지가 가리키는 방향)"
"129","PHY","물리학","2","전기와 자기","2","자기","2","전류의 자기 작용","","theory","ba","","원형 도선의 중심에서 자기장의 세기에 영향을 주는 요소로 옳은 것은?","전류의 세기에 비례하고, 원형 도선의 반지름에 비례한다.","전류의 세기에 비례하고, 원형 도선의 반지름에 반비례한다.","전류의 세기에 반비례하고, 도선 두께에 비례한다.","원형 도선의 색깔에 비례한다.","2","원형 도선 중심에서 자기장의 세기는 전류의 세기에 비례하고, 원형 도선이 만드는 원의 반지름에 반비례합니다. (B ∝ I/r)"
"130","PHY","물리학","2","전기와 자기","2","자기","2","전류의 자기 작용","","theory","ba","","원형 도선에 흐르는 전류의 세기를 2배로 하고 반지름을 그대로 두면, 원형 도선 중심에서의 자기장 세기는 어떻게 되는가?","1/2배","변화 없음","2배","4배","3","원형 전류 중심 자기장 세기는 전류 세기에 비례(B ∝ I)하므로, 전류가 2배가 되면 자기장 세기도 2배가 됩니다."
"131","PHY","물리학","2","전기와 자기","2","자기","2","전류의 자기 작용","","theory","ba","","솔레노이드의 정의로 옳은 것은?","원형 도선 한 개를 평면 위에 놓은 것","도선을 직선으로 길게 펴 놓은 것","도선을 원통 모양으로 촘촘하게 여러 번 감은 것","두 개의 평행한 직선 도선","3","솔레노이드는 도선을 원통 모양으로 촘촘하게 여러 번 감은 것입니다."
"132","PHY","물리학","2","전기와 자기","2","자기","2","전류의 자기 작용","","theory","ba","","전류가 흐르는 솔레노이드 내부 자기장의 특징으로 옳은 것은?","내부 자기장은 균일하지 않고 위치마다 크게 다르다.","내부에는 자기장이 전혀 생기지 않는다.","내부에서 자기장의 방향은 중심축에 나란하며, 내부 자기장은 균일하다.","내부 자기장은 외부 자기장과 반대 방향이다.","3","솔레노이드 내부에서는 중심축에 나란한 방향의 균일한 자기장이 생깁니다. 외부에는 막대자석이 만드는 자기장과 비슷한 모양이 생깁니다."
"133","PHY","물리학","2","전기와 자기","2","자기","2","전류의 자기 작용","","theory","ba","","솔레노이드 내부 자기장의 세기는 무엇에 비례하는가?","전류의 세기에만 비례","단위 길이당 도선의 감은 수에만 비례","전류의 세기와 단위 길이당 도선의 감은 수에 각각 비례","솔레노이드의 전체 길이에 비례","3","솔레노이드 내부 자기장의 세기는 전류의 세기 I와 단위 길이당 도선의 감은 수 n에 각각 비례합니다. (B ∝ nI)"
"134","PHY","물리학","2","전기와 자기","2","자기","2","전류의 자기 작용","","theory","ba","","전자석을 만드는 가장 효과적인 방법으로 옳은 것은?","솔레노이드 안에 종이를 넣는다.","솔레노이드 안에 강자성체를 넣는다.","솔레노이드 안에 반자성체를 넣는다.","솔레노이드 안을 비워둔다.","2","전자석은 솔레노이드(코일) 안에 강자성체를 넣어 만든 강한 자석입니다. 강자성체가 외부 자기장(코일이 만드는 자기장) 방향으로 강하게 자기화되어 자기장 세기를 크게 만듭니다."
"135","PHY","물리학","2","전기와 자기","2","자기","2","전류의 자기 작용","","theory","ba","","전자석이 영구 자석에 비해 갖는 가장 큰 장점으로 옳은 것은?","크기가 항상 더 작다.","전류가 흐르는 동안에만 자기장이 생기므로 자기력을 켜고 끌 수 있다.","전류 없이도 영구히 자기장을 만든다.","온도와 무관하게 항상 강한 자기력을 갖는다.","2","전자석은 전류가 흐르는 동안에만 자기장이 생기므로, 전류를 켜고 끄는 것만으로 자기력을 자유롭게 켜고 끌 수 있습니다. 무거운 고철을 들어 올려서 원하는 장소에 내려놓는 전자석 기중기가 대표적인 예입니다."
"136","PHY","물리학","2","전기와 자기","2","자기","2","전류의 자기 작용","","theory","ba","","전자석 기중기에 대한 설명으로 옳은 것은?","영구 자석으로 만들어 항상 자기력을 발휘한다.","초전도체로만 만들 수 있다.","축전기를 이용해 무거운 물체를 든다.","솔레노이드 안에 강자성체를 넣어 만든 강한 전자석을 이용한다.","4","전자석 기중기는 솔레노이드 안에 강자성체를 넣어 만든 강한 전자석을 이용합니다. 전자석은 자기장 세기를 크게 만들 수 있고, 전류를 끊으면 자성이 사라지므로 무거운 고철을 원하는 장소에 내려놓을 수 있습니다."
"137","PHY","물리학","2","전기와 자기","2","자기","2","전류의 자기 작용","","theory","ba","","전류가 흐르는 도선이 외부 자기장 속에 놓일 때 일어나는 현상으로 옳은 것은?","도선에 전류가 사라진다.","외부 자기장이 사라진다.","도선이 만드는 자기장과 외부 자기장이 상호작용하여 도선이 자기력을 받는다.","도선의 색깔이 변한다.","3","전류가 흐르는 도선이 외부 자기장 속에 놓이면, 전류가 만드는 자기장과 외부 자기장이 상호작용하여 도선이 자기력을 받게 됩니다. 이것이 전동기·스피커의 작동 원리입니다."
"138","PHY","물리학","2","전기와 자기","2","자기","2","전류의 자기 작용","","theory","ba","","길이 L인 도선에 세기 I의 전류가 흐를 때, 자기장 세기 B인 균일한 자기장 속(전류와 자기장이 수직)에서 도선이 받는 힘 F의 크기를 옳게 나타낸 식은?","F = B / (IL)","F = BI / L","F = BIL","F = B + I + L","3","균일한 자기장 B에 수직으로 놓인 길이 L의 도선에 전류 I가 흐를 때 도선이 받는 힘의 크기는 F = BIL 입니다."
"139","PHY","물리학","2","전기와 자기","2","자기","2","전류의 자기 작용","","theory","ba","","자기장 속 전류 도선이 받는 힘에 대한 설명으로 옳지 않은 것은?","전류의 세기에 비례한다.","도선의 길이에 비례한다.","외부 자기장의 세기에 비례한다.","전류의 방향과 무관하다.","4","F = BIL 에서 힘의 크기는 B, I, L에 모두 비례합니다. 그러나 힘의 '방향'은 전류 방향과 자기장 방향에 의해 결정되므로, 전류 방향이 반대가 되면 힘의 방향도 반대가 됩니다. 따라서 '전류의 방향과 무관하다'는 설명은 옳지 않습니다."
"140","PHY","물리학","2","전기와 자기","2","자기","2","전류의 자기 작용","","theory","ba","","자기장 속에 놓인 직선 도선에 흐르는 전류의 방향이 반대로 바뀌었을 때, 도선이 받는 자기력의 변화로 옳은 것은?","크기는 같지만 방향이 반대로 바뀐다.","크기와 방향 모두 변하지 않는다.","크기는 2배가 되고 방향은 같다.","자기력이 0이 된다.","1","전류 방향만 반대가 되면 도선이 만드는 자기장 방향이 반대가 되어, 외부 자기장과의 상호작용으로 받는 자기력의 방향도 반대가 됩니다. 크기는 그대로(F = BIL)입니다."
"141","PHY","물리학","2","전기와 자기","2","자기","2","전류의 자기 작용","","theory","ba","","전동기의 에너지 전환 과정으로 옳은 것은?","빛 에너지 → 전기 에너지","열 에너지 → 전기 에너지","운동 에너지 → 소리 에너지","전기 에너지 → 운동 에너지","4","전동기는 전류의 자기 작용을 이용하여 전기 에너지를 운동 에너지로 전환하는 장치입니다."
"142","PHY","물리학","2","전기와 자기","2","자기","2","전류의 자기 작용","","theory","ba","","전동기의 구성 요소로 옳은 것은?","코일과 강자성체인 자석","축전기와 저항","전구와 스위치","변압기와 전선만","1","전동기는 코일과 강자성체인 자석으로 구성되어 있습니다. 코일에 전류가 흐르면 자석과 코일 사이에 자기력이 작용하여 코일이 회전합니다."
"143","PHY","물리학","2","전기와 자기","2","자기","2","전류의 자기 작용","","theory","ba","","막대자석 주위의 자기력선에 대한 설명으로 옳은 것은?","자기력선은 자석 안에서 끊어져 있다.","자기력선은 N극에서 나와 S극으로 들어가는 방향으로 그린다.","자기력선은 S극에서 나와 N극으로 들어가는 방향으로 그린다.","자기력선은 자석 주위 어디서나 평행한 직선이다.","2","자기장의 방향은 나침반의 N극이 가리키는 방향으로 정의되므로, 막대자석 주위에서 자기력선은 자석의 N극에서 나와 S극으로 들어가는 방향으로 그립니다. (자석 내부에서는 S극에서 N극 방향으로 이어져 닫힌 곡선을 이룹니다.)"
"144","PHY","물리학","2","전기와 자기","2","자기","2","전류의 자기 작용","","theory","ba","","직류 전동기 코일이 회전하는 까닭으로 옳은 것은?","코일이 가열되어 부피가 변하기 때문","정류자가 직접 코일을 밀어주기 때문","코일이 자석을 끌어당기기만 하기 때문","코일의 마주 보는 두 변(예: ab와 cd)에 반대 방향의 자기력이 작용하여 회전력이 생기기 때문","4","직류 전동기에서는 마주 보는 코일의 두 변(예: ab와 cd)에 흐르는 전류 방향이 서로 반대이므로, 같은 외부 자기장 속에서 두 변이 받는 자기력의 방향이 반대가 됩니다. 그 결과 코일은 시계 방향(또는 반시계 방향)으로 돌아가는 회전력을 받습니다."
"145","PHY","물리학","2","전기와 자기","2","자기","2","전류의 자기 작용","","theory","ba","","드론에 사용되는 전동기의 작동에 대한 설명으로 옳은 것은?","전동기가 전기 에너지를 빛 에너지로 바꿔 드론을 띄운다.","전동기는 열을 발생시켜 부력을 만든다.","전동기가 소리 에너지를 발생시켜 추진한다.","전동기가 전기 에너지를 운동 에너지(프로펠러 회전)로 전환하여 드론을 구동한다.","4","드론은 전동기를 이용한 장치로, 전기 에너지를 운동 에너지(프로펠러의 회전)로 전환하여 비행합니다."
"146","PHY","물리학","2","전기와 자기","2","자기","2","전류의 자기 작용","","theory","ba","","스피커의 작동 원리로 가장 옳은 것은?","코일에 흐르는 전류와 자석 사이의 자기력으로 진동판을 진동시켜 소리를 만든다.","코일에 빛을 비춰 진동판을 흔들어 소리를 만든다.","전기로 자석을 변형시켜 소리를 만든다.","음파가 직접 코일을 흔들어 소리가 난다.","1","스피커는 음성 정보가 전기 신호로 변환되어 코일에 전류를 흐르게 합니다. 코일과 자석 사이에 작용하는 자기력으로 진동판이 진동하면서 소리가 발생합니다."
"147","PHY","물리학","2","전기와 자기","2","자기","2","전류의 자기 작용","","theory","ba","","스피커에서 일어나는 에너지 전환 순서로 옳은 것은?","전기 에너지 → 운동 에너지 → 소리 에너지","소리 에너지 → 전기 에너지 → 운동 에너지","운동 에너지 → 소리 에너지 → 전기 에너지","빛 에너지 → 전기 에너지 → 소리 에너지","1","스피커에서는 전류의 전기 에너지가 진동판의 운동 에너지로 전환된 후, 다시 소리 에너지로 전환됩니다."
"148","PHY","물리학","2","전기와 자기","2","자기","2","전류의 자기 작용","","theory","ba","","전류가 흐르는 코일을 외부에서 바라볼 때 마치 자석처럼 행동하는 까닭으로 옳은 것은?","코일에 흐르는 전류가 솔레노이드(원형 전류의 모임)처럼 한쪽 면을 N극, 다른 면을 S극으로 만드는 자기장을 형성하기 때문","코일 자체가 강자성체이기 때문","코일에 정전기가 모이기 때문","코일이 진동하기 때문","1","전류가 흐르는 코일은 한쪽 면이 N극, 반대쪽 면이 S극인 자기장을 만들기 때문에 마치 작은 자석처럼 행동합니다. 이 원리는 전동기 회전 방향을 직관적으로 찾는 데 활용됩니다."
"149","PHY","물리학","2","전기와 자기","2","자기","2","전류의 자기 작용","","theory","ba","","솔레노이드의 자기장 세기를 더 강하게 만들기 위한 방법으로 옳지 않은 것은?","솔레노이드에 흐르는 전류의 세기를 키운다.","단위 길이당 도선의 감은 수를 늘린다.","솔레노이드 안에 강자성체(예: 철심)를 넣는다.","솔레노이드 안을 비워 진공으로 만든다.","4","솔레노이드 내부 자기장 세기는 B ∝ nI 이므로, 전류 I 또는 단위 길이당 감은 수 n을 키우면 강해집니다. 또한 코일 안에 강자성체(철심 등)를 넣으면 강자성체가 자기화되어 자기장이 훨씬 더 강해집니다(전자석 원리). 진공으로 만드는 것은 자기장을 강화하지 않습니다."
"150","PHY","물리학","2","전기와 자기","2","자기","2","전류의 자기 작용","","theory","ba","","전류의 자기 작용에 대한 설명으로 옳지 않은 것은?","1820년 외르스테드가 전류 주위에 자기장이 생기는 것을 발견했다.","직선 전류에 의한 자기장의 세기는 전류에 비례하고 거리에 반비례한다.","솔레노이드 내부 자기장은 위치마다 크게 다르고 균일하지 않다.","전류가 흐르는 도선이 외부 자기장 속에 놓이면 자기력을 받는다.","3","솔레노이드 내부 자기장은 '균일한' 것이 큰 특징입니다(중심축에 나란한 방향). 막대자석 외부의 자기장과 달리 위치에 따라 거의 변하지 않습니다."
"151","PHY","물리학","2","전기와 자기","2","자기","3","전자기 유도","","theory","ba","","전자기 유도 현상을 발견한 과학자로 옳은 것은?","옴","외르스테드","패러데이","쿨롱","3","전자기 유도 현상은 1831년경 영국의 물리학자 패러데이(Faraday)가 발견했습니다. 코일과 자석을 이용한 실험을 통해 자기장의 변화에 의해 전류가 유도됨을 밝혀냈습니다."
"152","PHY","물리학","2","전기와 자기","2","자기","3","전자기 유도","","theory","ba","","전자기 유도의 정의로 가장 옳은 것은?","전류가 흐르는 도선 주위에 자기장이 생기는 현상","코일을 통과하는 자기 선속이 시간에 따라 변할 때 코일에 유도 전류가 흐르는 현상","자석의 N극과 S극이 서로 끌어당기는 현상","전기가 흐르는 도선이 외부 자기장 속에서 힘을 받는 현상","2","전자기 유도란 코일을 통과하는 자기 선속이 시간에 따라 변할 때, 코일에 유도 전류가 흐르고 그 전류를 흐르게 하는 전압(유도 기전력)이 생기는 현상입니다."
"153","PHY","물리학","2","전기와 자기","2","자기","3","전자기 유도","","theory","ba","","자가발전 손전등(흔들면 불이 켜지는 손전등)의 작동 원리로 옳은 것은?","손전등 내부의 건전지가 진동으로 충전된다.","손전등을 흔들면 내부의 자석이 코일 속을 왕복 운동하여, 코일을 통과하는 자기 선속이 변하고 유도 전류가 흐른다.","흔드는 마찰열로 LED가 점등된다.","손전등을 흔들면 빛이 직접 발생한다.","2","자가발전 손전등은 흔들면 내부의 자석이 코일 속을 왕복 운동하여, 코일을 통과하는 자기 선속이 시간에 따라 변합니다. 이로 인해 코일에 유도 전류가 흐르고 LED에 불이 켜집니다."
"154","PHY","물리학","2","전기와 자기","2","자기","3","전자기 유도","","theory","ba","","자기 선속(자속)에 대한 정의로 가장 옳은 것은?","전기장의 변화에 의해 만들어지는 양","어떤 단면을 통과하는 자기장의 양","전류의 변화량을 나타내는 양","전위차의 크기","2","자기 선속(자속, Φ)은 어떤 단면을 통과하는 자기장의 양을 나타내는 물리량입니다."
"155","PHY","물리학","2","전기와 자기","2","자기","3","전자기 유도","","theory","ba","","자기 선속 Φ, 자기장의 세기 B, 단면의 넓이 A 사이의 관계로 옳은 것은? (단, 자기장이 단면에 수직)","Φ = B / A","Φ = B + A","Φ = B × A","Φ = A / B","3","자기장이 단면에 수직일 때 자기 선속은 자기장 세기와 단면적의 곱으로 정의됩니다. Φ = BA. 자기장이 셀수록(B 클수록), 단면이 넓을수록(A 클수록) 자기 선속이 커집니다."
"156","PHY","물리학","2","전기와 자기","2","자기","3","전자기 유도","","theory","ba","","자기 선속 Φ에 대한 설명으로 옳지 않은 것은?","자기장의 세기가 클수록 자속이 커진다.","단면의 넓이가 클수록 자속이 커진다.","자속의 시간적 변화는 유도 기전력과 관련이 있다.","자속은 전류의 세기에 의해서만 결정된다.","4","자기 선속은 자기장의 세기 B와 단면적 A에 의해 결정됩니다(Φ=BA). 전류는 자기장을 만드는 원인일 수 있지만, 자속 자체의 정의에 직접 들어가는 양이 아닙니다."
"157","PHY","물리학","2","전기와 자기","2","자기","3","전자기 유도","","theory","ba","","패러데이 법칙에 따라 유도 기전력의 크기를 결정하는 두 요소로 옳은 것은?","코일의 색깔과 두께","코일의 감은 수와, 단위시간 동안 코일을 통과하는 자기 선속의 변화","코일의 길이와 무게","전원의 종류와 도선의 재질","2","패러데이 법칙: 유도 기전력의 크기는 (1) 코일의 감은 수(N)가 많을수록 커지고, (2) 단위시간 동안 코일을 통과하는 자기 선속의 변화(ΔΦ/Δt)가 클수록 커집니다."
"158","PHY","물리학","2","전기와 자기","2","자기","3","전자기 유도","","theory","ba","","패러데이 법칙을 식으로 옳게 나타낸 것은? (V: 유도 기전력, N: 감은 수, ΔΦ/Δt: 단위시간당 자속 변화량, 부호 무시)","V = N × (ΔΦ/Δt)","V = (ΔΦ/Δt) / N","V = N + (ΔΦ/Δt)","V = N / (ΔΦ × Δt)","1","패러데이 법칙은 V = N × (ΔΦ/Δt) 입니다. (정확한 부호를 포함한 식은 V = -N(ΔΦ/Δt)이며, 음(-)부호는 렌츠 법칙에 의한 유도 기전력의 방향을 나타냅니다.)"
"159","PHY","물리학","2","전기와 자기","2","자기","3","전자기 유도","","theory","ba","","패러데이 법칙에서 유도 기전력의 크기를 더 크게 하기 위한 방법으로 옳지 않은 것은?","코일의 감은 수를 늘린다.","자석을 더 빠르게 움직여 단위시간 자속 변화를 크게 한다.","더 강한 자석을 사용하여 자속의 변화를 크게 한다.","코일과 자석을 정지시킨다.","4","코일과 자석이 정지해 있으면 자속 변화가 0이 되어 유도 기전력은 0입니다. 따라서 정지시키는 것은 유도 기전력을 크게 하는 방법이 아닙니다. 감은 수, 자석 속도, 자석 세기를 늘리면 유도 기전력이 커집니다."
"160","PHY","물리학","2","전기와 자기","2","자기","3","전자기 유도","","theory","ba","","코일 근처에 자석이 정지해 있을 때, 코일에 흐르는 유도 전류는?","0이다. (전류가 흐르지 않는다)","일정한 큰 값으로 흐른다.","자석의 세기에 비례한다.","자석의 종류에 따라 결정된다.","1","전자기 유도는 자기 선속이 '시간에 따라 변할 때' 일어나는 현상입니다. 자석이 정지해 있으면 자속 변화가 없으므로 유도 기전력도 유도 전류도 0입니다."
"161","PHY","물리학","2","전기와 자기","2","자기","3","전자기 유도","","theory","ba","","렌츠 법칙의 핵심 내용으로 옳은 것은?","유도 전류는 자기 선속의 변화를 도와주는 방향으로 흐른다.","유도 전류는 항상 자석 쪽으로 흐른다.","유도 전류는 자기 선속의 변화를 방해하는 방향으로 흐른다.","유도 전류는 항상 자석에서 멀어지는 쪽으로 흐른다.","3","렌츠 법칙: 유도 전류는 코일을 통과하는 자기 선속의 변화를 '방해하는' 방향으로 흐릅니다. 즉, 자속이 증가하면 그 증가를 방해하고, 감소하면 감소를 방해하는 방향으로 자기장이 만들어지도록 유도 전류가 흐릅니다."
"162","PHY","물리학","2","전기와 자기","2","자기","3","전자기 유도","","theory","ba","","자석의 N극을 코일에 가까이 가져갈 때, 코일에 유도되는 전류가 만드는 자기장의 방향과 그 결과로 코일이 자석에 보이는 효과로 옳은 것은?","자석을 끌어당기는 자기장이 만들어진다.","자석과 직각 방향의 자기장이 만들어진다.","자기장이 만들어지지 않는다.","다가오는 자석을 밀어내는 방향의 자기장이 만들어진다.","4","N극이 다가오면 코일을 통과하는 자속이 증가하므로, 렌츠 법칙에 의해 유도 전류는 그 증가를 방해하는 방향(다가오는 자석을 밀어내는 방향)으로 자기장을 만들도록 흐릅니다."
"163","PHY","물리학","2","전기와 자기","2","자기","3","전자기 유도","","theory","ba","","자석의 N극을 코일에서 멀리 떼어낼 때, 코일에 유도되는 전류가 만드는 자기장의 방향과 그 결과로 코일이 자석에 보이는 효과로 옳은 것은?","자석을 멀리 밀어내는 방향의 자기장이 만들어진다.","멀어지는 자석을 끌어당기는 방향의 자기장이 만들어진다.","자기장이 사라진다.","자기장과 자석은 서로 무관하다.","2","N극이 멀어지면 코일을 통과하는 자속이 감소하므로, 렌츠 법칙에 의해 유도 전류는 그 감소를 방해하는 방향(멀어지는 자석을 다시 끌어당기는 방향)으로 자기장을 만들도록 흐릅니다."
"164","PHY","물리학","2","전기와 자기","2","자기","3","전자기 유도","","theory","ba","","자석의 N극을 코일에 가까이 했을 때, 코일에 유도되는 자기장의 방향과 자속 변화의 관계로 옳은 것은?","코일 아래쪽으로 통과하는 자속이 증가하므로, 유도 자기장은 위 방향(증가를 방해)으로 형성된다.","코일 아래쪽으로 통과하는 자속이 감소하므로, 유도 자기장은 위 방향으로 형성된다.","자속 변화가 없으므로 유도 자기장이 만들어지지 않는다.","유도 자기장은 항상 외부 자기장과 같은 방향으로 만들어진다.","1","자석의 N극이 다가오면 코일 아래쪽 방향으로 통과하는 자기 선속이 증가합니다. 렌츠 법칙에 의해 유도 전류는 이 증가를 방해하는 방향, 즉 위 방향의 자기장을 만들도록 흐릅니다."
"165","PHY","물리학","2","전기와 자기","2","자기","3","전자기 유도","","theory","ba","","코일에 자석의 N극을 가까이 했을 때 유도 전류가 B → G(검류계) → A 방향으로 흘렀다. 이때 자석의 N극을 코일에서 멀리 하면 유도 전류의 방향은?","B → G → A (변화 없음)","A → G → B (반대 방향)","유도 전류는 흐르지 않는다.","전류 방향이 90° 회전한다.","2","가까이 할 때(자속 증가)와 멀리 할 때(자속 감소)는 자속 변화의 방향이 반대이므로, 렌츠 법칙에 의해 유도 전류 방향도 반대가 됩니다. 가까이 할 때 B→G→A 방향이었다면 멀리 할 때는 A→G→B 방향입니다."
"166","PHY","물리학","2","전기와 자기","2","자기","3","전자기 유도","","theory","ba","","자석의 N극 대신 S극을 코일에 가까이 가져가면, 같은 상황에서 N극을 가까이 할 때와 비교한 유도 전류의 방향은?","반대 방향이다.","같은 방향이다.","수직 방향이다.","전류가 흐르지 않는다.","1","S극이 다가올 때는 N극과 반대 방향의 자기장이 코일을 통과하므로, 자속 변화 방향이 반대입니다. 따라서 렌츠 법칙에 따라 유도 전류 방향도 N극을 가까이 할 때와 반대가 됩니다."
"167","PHY","물리학","2","전기와 자기","2","자기","3","전자기 유도","","theory","ba","","렌츠 법칙은 어떤 보존 법칙의 결과로 해석할 수 있는가?","전하량 보존","에너지 보존","운동량 보존","각운동량 보존","2","렌츠 법칙은 에너지 보존 법칙의 결과로 해석됩니다. 만약 유도 전류가 자속 변화를 '돕는' 방향으로 흐른다면 외부의 일 없이도 점점 더 큰 전류가 흘러 에너지가 무한히 생성되어 보존 법칙에 어긋납니다. 따라서 자석의 움직임을 항상 방해하는 방향으로 흘러야 합니다."
"168","PHY","물리학","2","전기와 자기","2","자기","3","전자기 유도","","theory","ba","","자석을 코일에 가까이/멀리 움직이며 유도 전류를 만드는 과정에서 일어나는 에너지 전환으로 옳은 것은?","전기 에너지 → 역학적 에너지","역학적 에너지 → 빛 에너지","역학적 에너지 → 전기 에너지","열 에너지 → 화학 에너지","3","자석을 움직일 때 코일에 유도되는 자기장은 항상 자석의 움직임을 방해하므로, 자석을 계속 움직이려면 외부에서 일을 해 주어야 합니다. 이때 줄어든 자석의 역학적 에너지가 코일의 전기 에너지로 전환됩니다."
"169","PHY","물리학","2","전기와 자기","2","자기","3","전자기 유도","","theory","ba","","자가발전 손전등에서 일어나는 에너지 전환 과정으로 옳은 것은?","전기 에너지 → 빛 에너지 → 운동 에너지","빛 에너지 → 전기 에너지 → 운동 에너지","운동 에너지(흔듦) → 전기 에너지(유도 전류) → 빛 에너지(LED)","열 에너지 → 운동 에너지 → 전기 에너지","3","자가발전 손전등에서는 손으로 흔드는 운동 에너지가 자석의 왕복 운동을 통해 코일에 유도 전류를 만들고(전기 에너지로 전환), 이 전기 에너지로 LED를 켜서 빛 에너지로 전환됩니다."
"170","PHY","물리학","2","전기와 자기","2","자기","3","전자기 유도","","theory","ba","","발전기의 작동 원리로 가장 옳은 것은?","축전기를 충·방전시켜 직류를 만든다.","전자기 유도 현상을 이용하여 운동 에너지를 전기 에너지로 전환한다.","전기 에너지를 운동 에너지로 전환한다.","빛 에너지를 직접 전기 에너지로 바꾼다.","2","발전기는 전자기 유도 현상을 이용하여 운동 에너지를 전기 에너지로 전환하는 장치입니다. (전동기와 정확히 반대 방향의 변환)"
"171","PHY","물리학","2","전기와 자기","2","자기","3","전자기 유도","","theory","ba","","발전기에서 도선 고리(코일)가 자석 사이에서 회전할 때 유도 전류가 흐르는 까닭으로 옳은 것은?","고리가 가열되기 때문","정류자가 전류를 만들어내기 때문","고리가 자석을 끌어당기기 때문","고리를 통과하는 자기 선속이 시간에 따라 변하기 때문","4","발전기에서 도선 고리가 자석 사이에서 회전하면, 고리의 면이 자기장에 대해 기울어지는 각도가 계속 변하므로 고리를 통과하는 자기 선속이 시간에 따라 변합니다. 이 변화로 인해 패러데이 법칙에 의해 유도 기전력이 발생하고 유도 전류가 흐릅니다."
"172","PHY","물리학","2","전기와 자기","2","자기","3","전자기 유도","","theory","ba","","전동기와 발전기의 에너지 전환 방향을 비교한 설명으로 옳은 것은?","전동기와 발전기 모두 전기 → 운동 에너지","전동기와 발전기 모두 운동 → 전기 에너지","전동기는 전기 → 운동, 발전기는 운동 → 전기","전동기는 운동 → 전기, 발전기는 전기 → 운동","3","전동기는 전기 에너지를 운동 에너지로 전환하는 장치이고, 발전기는 그 반대로 운동 에너지를 전기 에너지로 전환하는 장치입니다. 두 장치는 같은 구조(코일+자석)를 가지지만 에너지 흐름이 반대입니다."
"173","PHY","물리학","2","전기와 자기","2","자기","3","전자기 유도","","theory","ba","","스마트폰의 무선 충전(자기 유도 방식)이 가능한 까닭으로 옳은 것은?","송신 코일에 시간에 따라 변하는 전류가 흘러 변하는 자속을 만들고, 수신 코일에 유도 전류가 흘러 배터리를 충전한다.","충전기에서 빛이 나와 폰 내부 태양전지를 충전한다.","충전기와 폰이 자석으로 직접 연결된다.","음파를 이용해 에너지가 전달된다.","1","무선 충전기의 송신 코일에 시간에 따라 변하는 전류가 흐르면 주변에 변하는 자기장이 생기고, 스마트폰 내부 수신 코일을 통과하는 자기 선속이 변하면서 전자기 유도 현상에 의해 수신 코일에 유도 전류가 흘러 배터리를 충전합니다."
"174","PHY","물리학","2","전기와 자기","2","자기","3","전자기 유도","","theory","ba","","자기 유도 방식 무선 충전의 한계로 옳은 것은?","송신 코일과 수신 코일의 거리가 가까울 때만 전력 송신이 가능하다.","거리에 무관하게 항상 같은 효율로 충전된다.","건물 전체의 모든 기기를 동시에 충전할 수 있다.","유선 충전보다 항상 더 빠르다.","1","자기 유도 방식 기술은 송신 코일과 수신 코일이 만드는 자속의 결합(coupling)에 의존하므로 거리가 멀어지면 효율이 급격히 떨어집니다. 따라서 두 코일이 가까울 때만 전력 송신이 가능합니다."
"175","PHY","물리학","2","전기와 자기","2","자기","3","전자기 유도","","theory","ba","","자기 공명 방식 무선 충전이 자기 유도 방식과 비교해 갖는 장점으로 옳은 것은?","송신 코일과 수신 코일 사이의 공명 현상을 이용해 더 먼 거리까지 전력 송신이 가능하다.","전기 사용량이 줄어든다.","충전기가 작아진다.","코일이 필요 없다.","1","자기 공명 방식은 송신·수신 코일의 고유 진동수를 일치시켜 공명 현상을 통해 에너지를 효율적으로 전달합니다. 이로 인해 자기 유도 방식보다 먼 거리까지 전력 송신이 가능하여 집안의 여러 전자 기기를 동시에 충전할 수도 있습니다."
"176","PHY","물리학","2","전기와 자기","2","자기","3","전자기 유도","","theory","ba","","공항 등에서 사용하는 금속 탐지기의 작동 원리로 옳은 것은?","빛이 금속에 반사되는 것을 감지한다.","금속의 무게로 압력을 측정한다.","송신 코일이 만드는 자기장이 금속에 유도 전류를 만들고, 그 유도 전류의 자기장이 다시 수신 코일에 유도 전류를 만들어 금속의 존재를 감지한다.","금속의 색을 감지한다.","3","금속 탐지기는 송신 코일이 만드는 자기장에 의해 금속에 유도 전류가 흐르고, 이 유도 전류가 다시 자기장을 만들어 수신 코일에 또 다른 유도 전류를 흐르게 합니다. 이 신호로 금속의 존재를 감지합니다."
"177","PHY","물리학","2","전기와 자기","2","자기","3","전자기 유도","","theory","ba","","도로의 자동차 차단기 앞에 매설된 코일의 역할로 옳은 것은?","자동차의 무게를 측정한다.","도로의 마찰력을 줄인다.","차량 번호를 인식한다.","자동차가 코일 위를 지날 때 코일에 흐르는 전류의 변화를 감지하여 차단기를 작동시킨다.","4","자동차 차단기 앞에는 전류가 흐르는 코일이 매설되어 있는데, 자동차(금속체)가 코일 위를 지나면 코일을 통과하는 자기 선속이 변해 코일에 흐르는 전류가 변합니다. 이 전류 변화를 감지해 차단기를 열고 닫습니다."
"178","PHY","물리학","2","전기와 자기","2","자기","3","전자기 유도","","theory","ba","","스마트 기기의 전자 펜이 위치, 각도, 압력 등의 정보를 인식하는 원리로 가장 옳은 것은?","펜이 빛을 방출해 화면이 인식한다.","펜과 화면 사이에 직접 전류가 흐른다.","펜에서 음파를 내 위치를 측정한다.","스마트 기기 화면 아래의 자기장 발생 장치와 펜 내부의 코일 사이에서 일어나는 전자기 유도 현상을 이용한다.","4","스마트 기기 화면 아래에는 자기장 발생 장치가 있고, 전자 펜 내부에는 코일이 감겨 있습니다. 펜이 화면 위에 있을 때 전자기 유도 현상에 의해 펜의 위치, 각도, 끝의 압력 등에 따라 다른 유도 신호가 발생하여 정보를 파악합니다."
"179","PHY","물리학","2","전기와 자기","2","자기","3","전자기 유도","","theory","ba","","근거리 무선 통신(NFC)에 대한 설명으로 옳은 것은?","수십 미터 이상 떨어져도 사용 가능하다.","두 전자 기기가 약 10 cm 이내의 짧은 거리에서 통신할 수 있는 기술로, 단말기의 자기장이 만드는 유도 전류로 작동한다.","음파로 정보를 주고받는 기술이다.","NFC는 적외선만으로 작동한다.","2","근거리 무선 통신(NFC)은 두 전자 기기가 10 cm 이내의 짧은 거리에서 통신할 수 있는 기술로, 비접촉 결제 시스템·교통카드 등에 사용됩니다. NFC 칩은 단말기가 만드는 자기장에 의해 칩 내 코일에 유도 전류가 흘러 작동합니다."
"180","PHY","물리학","2","전기와 자기","2","자기","3","전자기 유도","","theory","ba","","전자기 유도와 그 응용에 대한 설명으로 옳지 않은 것은?","전자기 유도는 자기 선속의 시간 변화에 의해 일어난다.","유도 기전력의 크기는 코일의 감은 수와 자속의 시간 변화율에 비례한다.","유도 전류는 자속 변화를 방해하는 방향으로 흐른다(렌츠 법칙).","발전기는 전기 에너지를 운동 에너지로 전환하는 장치이다.","4","발전기는 운동 에너지를 전기 에너지로 전환하는 장치입니다. 전기 에너지를 운동 에너지로 전환하는 것은 전동기(모터)입니다."
"181","PHY","물리학","3","빛과 물질","1","빛의 이해","1","빛의 중첩과 간섭","","theory","ba","","파동의 중첩 원리에 대한 설명으로 옳은 것은?","두 파동이 만났을 때의 변위는 각 파동의 변위의 합과 같다.","두 파동이 만나면 한쪽 파동만 살아남는다.","두 파동이 만나면 두 파동 모두 사라진다.","두 파동이 만났을 때의 변위는 두 변위의 곱과 같다.","1","중첩 원리: 두 파동이 만나는 동안 각 지점의 변위는 겹치기 전 두 파동의 변위의 합과 같습니다. y = y₁ + y₂."
"182","PHY","물리학","3","빛과 물질","1","빛의 이해","1","빛의 중첩과 간섭","","theory","ba","","파동의 독립성에 대한 설명으로 옳은 것은?","두 파동이 중첩될 때 서로 영향을 주지 않고 본래의 파동 모양을 유지하면서 진행한다.","두 파동이 만나면 서로 진행 방향을 바꾼다.","두 파동이 만나면 한 파동이 다른 파동을 흡수한다.","두 파동이 만나는 순간 두 파동 모두 영구히 변형된다.","1","파동의 독립성: 두 파동이 중첩되는 동안 서로에게 영향을 주지 않고, 중첩이 끝나면 본래 모양을 유지한 채 각자 진행합니다."
"183","PHY","물리학","3","빛과 물질","1","빛의 이해","1","빛의 중첩과 간섭","","theory","ba","","파동 A의 어느 지점에서의 변위가 y₁, 파동 B의 같은 지점에서의 변위가 y₂일 때, 두 파동이 만났을 때의 합성 변위 y는?","y = y₁ - y₂","y = y₁ + y₂","y = y₁ × y₂","y = y₁ / y₂","2","중첩 원리에 의해 두 파동이 만난 지점의 변위는 두 변위의 합입니다. y = y₁ + y₂."
"184","PHY","물리학","3","빛과 물질","1","빛의 이해","1","빛의 중첩과 간섭","","theory","ba","","마주 보며 진행하던 두 파동이 서로 겹쳤다가 다시 분리된 이후의 모습으로 옳은 것은?","두 파동이 모두 사라진다.","두 파동 중 하나만 진행한다.","두 파동이 합쳐져 새로운 한 개의 파동이 된다.","두 파동은 본래의 파형을 유지한 채 각자 진행한다.","4","파동의 독립성에 의해 중첩이 끝난 후에는 본래의 두 파동이 영향을 받지 않고 각각 원래의 파형으로 진행합니다."
"185","PHY","물리학","3","빛과 물질","1","빛의 이해","1","빛의 중첩과 간섭","","theory","ba","","교과서에서 정의하는 '위상'의 의미로 가장 옳은 것은?","파동의 진동수와 같은 의미이다.","파동의 진폭의 크기를 나타내는 양이다.","파동의 한 지점이 진동할 때 한 순간의 변위와 운동 상태를 의미한다.","파동이 한 번 진동하는 데 걸리는 시간이다.","3","위상의 정의: 파동의 한 지점이 진동할 때 한 순간의 변위와 운동 상태를 의미합니다."
"186","PHY","물리학","3","빛과 물질","1","빛의 이해","1","빛의 중첩과 간섭","","theory","ba","","두 파동의 위상에 대한 설명으로 옳은 것은?","변위만 같으면 위상이 같다고 한다.","운동 방향만 같으면 위상이 같다고 한다.","변위와 운동 상태가 모두 같을 때 위상이 같다고 한다.","두 파동의 위상은 비교할 수 없는 개념이다.","3","위상은 그 순간의 변위와 운동 상태를 모두 포함하는 개념입니다. 두 양이 모두 일치해야 같은 위상입니다."
"187","PHY","물리학","3","빛과 물질","1","빛의 이해","1","빛의 중첩과 간섭","","theory","ad","","등속 원운동을 하는 물체와 단진동(파동의 한 지점의 진동)을 비교한 설명으로 옳은 것은?","원운동과 단진동은 서로 전혀 관련이 없다.","원운동의 속력은 단진동에서 변위와 같다.","원운동의 반지름은 단진동의 진동수와 같다.","원운동을 한 평면에 투영한 운동이 단진동에 해당하며, 회전각이 위상에 대응된다.","4","등속 원운동을 지름 방향으로 투영하면 단진동이 됩니다. 이때 회전 각도(라디안)가 위상에 해당합니다."
"188","PHY","물리학","3","빛과 물질","1","빛의 이해","1","빛의 중첩과 간섭","","theory","ba","","보강 간섭에 대한 설명으로 옳은 것은?","두 파동의 변위가 항상 0이 되는 간섭이다.","두 파동의 변위가 같은 방향으로 중첩되어 합성 파동의 진폭이 최대가 되는 간섭이다.","두 파동의 변위가 반대 방향으로 중첩되어 진폭이 0이 되는 간섭이다.","두 파동의 진동수가 달라야만 일어나는 간섭이다.","2","보강 간섭은 두 파동의 변위가 같은 방향(위상이 일치)으로 중첩되어 합성 파동의 진폭이 최대가 되는 현상입니다."
"189","PHY","물리학","3","빛과 물질","1","빛의 이해","1","빛의 중첩과 간섭","","theory","ba","","상쇄 간섭에 대한 설명으로 옳은 것은?","두 파동의 변위가 반대 방향으로 중첩되어 합성 파동의 진폭이 최소가 되는 간섭이다.","두 파동의 변위가 같은 방향으로 중첩되어 진폭이 최대가 되는 간섭이다.","두 파동의 진폭이 두 배가 되는 간섭이다.","두 파동의 진행 방향이 같아야만 일어나는 간섭이다.","1","상쇄 간섭은 두 파동의 변위가 반대 방향(위상이 반대)으로 중첩되어 합성 파동의 진폭이 최소가 되는 현상입니다."
"190","PHY","물리학","3","빛과 물질","1","빛의 이해","1","빛의 중첩과 간섭","","theory","ba","","두 파동이 보강 간섭을 일으키기 위한 위상 조건으로 옳은 것은?","두 파동의 위상차가 180°이어야 한다.","두 파동의 위상차가 90°이어야 한다.","두 파동의 진폭이 항상 달라야 한다.","두 파동의 위상이 일치해야 한다.","4","보강 간섭은 두 파동의 위상이 일치(위상차 0, 360°, 720° …)할 때 일어납니다."
"191","PHY","물리학","3","빛과 물질","1","빛의 이해","1","빛의 중첩과 간섭","","theory","ba","","두 파동이 상쇄 간섭을 일으키기 위한 위상 조건으로 옳은 것은?","두 파동의 위상이 일치해야 한다.","두 파동의 위상이 90° 차이가 나야 한다.","두 파동의 위상이 반대(180° 위상차)여야 한다.","두 파동의 진폭이 같아야만 한다.","3","상쇄 간섭은 두 파동의 위상이 반대, 즉 위상차가 180°(또는 반 파장 등가)일 때 일어납니다."
"192","PHY","물리학","3","빛과 물질","1","빛의 이해","1","빛의 중첩과 간섭","","theory","ba","","진폭이 같은 두 파동이 보강 간섭과 상쇄 간섭을 일으킬 때, 각각 합성 파동의 진폭은 어떻게 되는가?","보강: 0, 상쇄: 2배","보강: 2배, 상쇄: 변화 없음","보강: 2배, 상쇄: 0","보강: 변화 없음, 상쇄: 2배","3","진폭이 같은 두 파동이 보강 간섭하면 합성 진폭은 2배가 되고, 상쇄 간섭하면 0이 됩니다."
"193","PHY","물리학","3","빛과 물질","1","빛의 이해","1","빛의 중첩과 간섭","","theory","ba","","진폭이 각각 20 cm, 30 cm인 두 파동이 만나 보강 간섭을 하였을 때 합성 파동의 진폭은? (단, 두 파동은 마루와 마루가 만난다고 가정)","10 cm","20 cm","50 cm","0 cm","3","보강 간섭에서는 같은 방향의 변위가 더해지므로 진폭의 합이 됩니다. 20 + 30 = 50 cm."
"194","PHY","물리학","3","빛과 물질","1","빛의 이해","1","빛의 중첩과 간섭","","theory","ba","","진폭이 각각 20 cm, 30 cm인 두 파동이 만나 상쇄 간섭을 하였을 때 합성 파동의 진폭은? (단, 한쪽은 마루, 다른 쪽은 골이 만난다고 가정)","50 cm","10 cm","0 cm","25 cm","2","상쇄 간섭에서는 반대 방향의 변위가 빼지므로 진폭의 차가 됩니다. |30 - 20| = 10 cm."
"195","PHY","물리학","3","빛과 물질","1","빛의 이해","1","빛의 중첩과 간섭","","theory","ad","","진폭이 5 cm로 같은 두 파동이 위상차 180°로 중첩되었다. 합성 파동의 진폭으로 가장 옳은 것은?","10 cm","0 cm","5 cm","2.5 cm","2","진폭이 같은 두 파동이 위상차 180°(완전 상쇄)로 만나면 합성 진폭은 5 - 5 = 0 cm이 됩니다."
"196","PHY","물리학","3","빛과 물질","1","빛의 이해","1","빛의 중첩과 간섭","","theory","ba","","영(Young)의 이중 슬릿 실험으로 입증된 빛의 성질로 옳은 것은?","빛의 입자성","빛의 직진성","빛의 굴절성","빛의 파동성","4","영(Thomas Young)은 1803년 이중 슬릿 실험을 통해 빛이 간섭 현상을 일으킨다는 것을 보임으로써 빛의 파동성을 입증하였습니다."
"197","PHY","물리학","3","빛과 물질","1","빛의 이해","1","빛의 중첩과 간섭","","theory","ba","","영의 이중 슬릿 실험에서 스크린에 나타나는 무늬의 모습으로 옳은 것은?","균일하게 빛나는 한 줄의 밝은 선이 나타난다.","스크린 전체가 균일하게 어둡다.","둥근 점 모양의 빛이 하나만 나타난다.","밝은 무늬와 어두운 무늬가 번갈아 나타나는 줄무늬가 생긴다.","4","이중 슬릿을 통과한 두 빛이 간섭을 일으켜 스크린에 보강 간섭(밝은 무늬)과 상쇄 간섭(어두운 무늬)이 교대로 줄무늬 형태로 나타납니다."
"198","PHY","물리학","3","빛과 물질","1","빛의 이해","1","빛의 중첩과 간섭","","theory","ba","","영의 이중 슬릿 실험 장치에서 빛이 거치는 순서로 옳은 것은?","스크린 → 이중 슬릿 → 단일 슬릿 → 광원","이중 슬릿 → 단일 슬릿 → 스크린 → 광원","광원 → 단일 슬릿 → 이중 슬릿 → 스크린","광원 → 이중 슬릿 → 스크린 → 단일 슬릿","3","광원에서 나온 빛은 먼저 단일 슬릿을 통과하여 가지런한(같은 위상의) 빛이 된 후, 이중 슬릿을 거쳐 스크린에 간섭무늬를 만듭니다."
"199","PHY","물리학","3","빛과 물질","1","빛의 이해","1","빛의 중첩과 간섭","","theory","ad","","영의 실험에서 광원 바로 뒤에 단일 슬릿을 두는 이유로 가장 옳은 것은?","빛의 색을 단색광으로 거르기 위해서이다.","이중 슬릿에 도달하는 빛이 같은 위상이 되도록 하기 위해서이다.","빛의 세기를 더 강하게 만들기 위해서이다.","스크린의 밝기를 조절하기 위해서이다.","2","단일 슬릿을 통과한 빛은 그 슬릿을 새 점광원으로 하여 같은 위상으로 퍼져 나가므로, 이중 슬릿의 두 슬릿에 도달하는 빛이 같은 위상이 됩니다. (간섭이 일어나기 위한 코히어런스 조건)"
"200","PHY","물리학","3","빛과 물질","1","빛의 이해","1","빛의 중첩과 간섭","","theory","ba","","이중 슬릿 실험에서 두 빛의 경로차 Δ가 한 파장(λ)일 때, 그 지점에서 일어나는 간섭은?","상쇄 간섭","위상차 90°의 부분 간섭","보강 간섭","간섭이 일어나지 않음","3","경로차가 파장의 정수배일 때(Δ = mλ, m = 0, 1, 2 …) 두 파동의 위상이 일치하므로 보강 간섭이 일어납니다."
"201","PHY","물리학","3","빛과 물질","1","빛의 이해","1","빛의 중첩과 간섭","","theory","ba","","이중 슬릿 실험에서 두 빛의 경로차 Δ가 반 파장(λ/2)일 때 일어나는 간섭은?","변화 없음","보강 간섭","상쇄 간섭","두 빛이 사라짐","3","경로차가 반 파장의 홀수배일 때(Δ = (2m+1)·λ/2) 두 파동의 위상이 반대가 되어 상쇄 간섭이 일어납니다."
"202","PHY","물리학","3","빛과 물질","1","빛의 이해","1","빛의 중첩과 간섭","","theory","ba","","두 파원에서 나온 같은 위상의 파동이 어떤 지점에 도달할 때 경로차 Δ = 2λ였다. 이 지점에서 일어나는 간섭은?","상쇄 간섭","위상차 90°","어두운 무늬","보강 간섭","4","경로차가 파장의 정수배(2λ = 2·λ)이므로 위상이 일치하는 보강 간섭이 일어납니다."
"203","PHY","물리학","3","빛과 물질","1","빛의 이해","1","빛의 중첩과 간섭","","theory","ba","","두 파원에서 나온 같은 위상의 파동의 경로차가 Δ = 3λ/2인 지점에서 일어나는 간섭은?","보강 간섭(밝은 무늬)","위상이 일치하는 간섭","변화 없음","상쇄 간섭(어두운 무늬)","4","3λ/2 = (2·1 + 1)·λ/2 이므로 반 파장의 홀수배입니다. 따라서 상쇄 간섭(어두운 무늬)이 일어납니다."
"204","PHY","물리학","3","빛과 물질","1","빛의 이해","1","빛의 중첩과 간섭","","theory","ba","","두 파원에서 나온 같은 위상의 파동의 경로차가 Δ = 5λ/2인 지점에서 일어나는 간섭으로 옳은 것은?","보강 간섭","위상차가 0인 간섭","상쇄 간섭","간섭 없음","3","5λ/2 = (2·2 + 1)·λ/2 이므로 반 파장의 홀수배입니다. 따라서 상쇄 간섭이 일어납니다."
"205","PHY","물리학","3","빛과 물질","1","빛의 이해","1","빛의 중첩과 간섭","","theory","ba","","파장이 600 nm인 단색광에서 두 빛의 경로차가 1200 nm인 지점이 있다. 이 지점에서 일어나는 간섭은?","상쇄 간섭","보강 간섭","위상차 90°의 간섭","간섭이 일어나지 않음","2","Δ/λ = 1200/600 = 2 이므로 경로차가 정확히 2λ입니다. 파장의 정수배이므로 보강 간섭이 일어납니다."
"206","PHY","물리학","3","빛과 물질","1","빛의 이해","1","빛의 중첩과 간섭","","theory","ad","","파장이 500 nm인 단색광이 이중 슬릿을 통과한 후, 어떤 지점에서 두 빛의 경로차가 750 nm로 측정되었다. 이 지점에서 일어나는 간섭은?","보강 간섭(밝은 무늬)","상쇄 간섭(어두운 무늬)","위상차가 0인 간섭","간섭이 없는 균일한 밝기","2","Δ/λ = 750/500 = 1.5 = 3/2 이므로 경로차가 반 파장의 홀수배(3λ/2)입니다. 따라서 상쇄 간섭이 일어납니다."
"207","PHY","물리학","3","빛과 물질","1","빛의 이해","1","빛의 중첩과 간섭","","theory","ad","","두 슬릿에서 같은 위상으로 출발한 빛(파장 λ = 400 nm)이 만나는 지점에서 경로차가 1000 nm이다. 이 지점에서 일어나는 간섭은?","보강 간섭","위상차 0인 간섭","간섭이 없는 균일한 밝기","상쇄 간섭","4","Δ/λ = 1000/400 = 2.5 = 5/2 이므로 반 파장의 홀수배입니다. 따라서 상쇄 간섭이 일어납니다."
"208","PHY","물리학","3","빛과 물질","1","빛의 이해","1","빛의 중첩과 간섭","","theory","ba","","이중 슬릿에 의한 빛의 간섭에서 보강 간섭이 일어나는 경로차 Δ의 조건식으로 옳은 것은? (m = 0, 1, 2, 3 …)","Δ = m · (λ/4)","Δ = (2m + 1) · λ","Δ = m · (3λ)","Δ = (λ/2) · (2m) = mλ","4","보강 간섭의 경로차 조건: Δ = (λ/2)(2m) = mλ (m = 0, 1, 2, 3, …). 즉 파장의 정수배입니다."
"209","PHY","물리학","3","빛과 물질","1","빛의 이해","1","빛의 중첩과 간섭","","theory","ba","","이중 슬릿에 의한 빛의 간섭에서 상쇄 간섭이 일어나는 경로차 Δ의 조건식으로 옳은 것은? (m = 0, 1, 2, 3 …)","Δ = (λ/2) · (2m + 1)","Δ = mλ","Δ = m · λ²","Δ = λ/m","1","상쇄 간섭의 경로차 조건: Δ = (λ/2)(2m + 1) (m = 0, 1, 2, 3, …). 즉 반 파장의 홀수배입니다."
"210","PHY","물리학","3","빛과 물질","1","빛의 이해","1","빛의 중첩과 간섭","","theory","ba","","보강 간섭 조건식 Δ = (λ/2)(2m)에서 m = 3을 대입했을 때, 경로차 Δ는 파장 λ의 몇 배인가?","3배","1.5배","6배","0.5배","1","Δ = (λ/2)(2·3) = (λ/2)·6 = 3λ. 따라서 파장의 3배입니다."
"211","PHY","물리학","3","빛과 물질","1","빛의 이해","1","빛의 중첩과 간섭","","theory","ba","","이중 슬릿 실험에서 밝은 무늬 사이의 간격(Δx)에 대한 관계로 옳은 것은? (λ: 빛의 파장, d: 슬릿 사이의 간격, L: 슬릿-스크린 거리)","Δx ∝ d / λ","Δx ∝ d · λ","Δx ∝ d²","Δx ∝ λ / d","4","이중 슬릿 간섭무늬에서 인접 밝은 무늬 사이의 간격은 Δx ∝ λ/d 의 관계를 가집니다. (스크린 거리 L을 고려하면 Δx = Lλ/d)"
"212","PHY","물리학","3","빛과 물질","1","빛의 이해","1","빛의 중첩과 간섭","","theory","ba","","이중 슬릿 실험에서 슬릿 사이의 간격(d)을 더 좁힐 때, 스크린에 나타나는 무늬 간격(Δx)의 변화로 옳은 것은?","변화하지 않는다.","더 좁아진다.","더 넓어진다.","0이 된다.","3","Δx ∝ 1/d 이므로 슬릿 간격 d가 작아지면 무늬 간격 Δx는 넓어집니다."
"213","PHY","물리학","3","빛과 물질","1","빛의 이해","1","빛의 중첩과 간섭","","theory","ba","","이중 슬릿 실험에서 파장이 더 긴 빛(예: 빨간색 → 더 긴 파장)을 사용했을 때, 스크린에 나타나는 무늬 간격의 변화로 옳은 것은?","더 넓어진다.","더 좁아진다.","변화하지 않는다.","어두워져 보이지 않는다.","1","Δx ∝ λ 이므로 파장이 길어지면 무늬 간격도 넓어집니다."
"214","PHY","물리학","3","빛과 물질","1","빛의 이해","1","빛의 중첩과 간섭","","theory","ad","","슬릿 간격 d = 0.2 mm인 이중 슬릿으로 실험할 때보다 d = 0.4 mm인 이중 슬릿으로 실험할 때, 무늬 간격은 어떻게 변하는가? (다른 조건은 같음)","1/2배(절반)로 좁아진다.","변하지 않는다.","2배로 넓어진다.","4배로 넓어진다.","1","Δx ∝ 1/d 이므로 d가 2배 커지면 Δx는 1/2배가 됩니다. 교과서 그림 Ⅲ-5에서 d = 0.4 mm일 때 무늬 간격이 더 좁아지는 것을 볼 수 있습니다."
"215","PHY","물리학","3","빛과 물질","1","빛의 이해","1","빛의 중첩과 간섭","","theory","ba","","비 오는 날 물 위에 뜬 기름막이나 비누막에서 다양한 색깔이 보이는 현상의 원인으로 가장 옳은 것은?","얇은 막의 위쪽 표면과 아래쪽 표면에서 반사한 두 빛이 간섭을 일으키기 때문이다.","막에 들어 있는 색소 때문이다.","막의 표면이 거울처럼 빛을 반사하기 때문이다.","막이 빛을 굴절시켜 분산시키기 때문이다.","1","기름막·비누막은 색소가 없지만, 막의 위·아래 두 면에서 반사된 두 빛이 박막 간섭(thin-film interference)을 일으켜 파장(색)에 따라 보강·상쇄 결과가 달라 무지개색으로 보입니다."
"216","PHY","물리학","3","빛과 물질","1","빛의 이해","1","빛의 중첩과 간섭","","theory","ad","","박막 간섭에서 막의 두께가 변하면 보이는 색깔이 변하는 이유로 가장 옳은 것은?","막의 색소가 변하기 때문에","막의 두께가 변하면 두 반사광의 경로차가 변하여, 보강 간섭이 일어나는 파장(색)이 달라지기 때문에","막이 점점 사라지기 때문에","광원의 세기가 변하기 때문에","2","박막 간섭에서는 두 반사광의 경로차가 막의 두께(와 굴절률)에 의해 결정됩니다. 두께가 변하면 보강 간섭 조건을 만족하는 파장이 달라지므로, 강하게 보이는 색이 변합니다."
"217","PHY","물리학","3","빛과 물질","1","빛의 이해","1","빛의 중첩과 간섭","","theory","ba","","색소가 없는 모르포 나비의 날개가 파란색으로 보이는 까닭으로 가장 옳은 것은?","나비가 파란색 색소를 가지고 있기 때문에","날개 표면에 있는 얇은 층들에서 각각 반사한 파란색 빛이 보강 간섭을 일으키기 때문에","햇빛 중 파란색만 통과시키는 필터 역할을 하기 때문에","날개가 빛을 모두 흡수하고 다시 방출하기 때문에","2","모르포 나비 날개에는 얇은 층 구조가 여러 개 있어 각 층에서 반사된 빛이 간섭을 일으킵니다. 그 결과 파란색 파장에서 보강 간섭이 일어나 파란색으로 보입니다. (구조색)"
"218","PHY","물리학","3","빛과 물질","1","빛의 이해","1","빛의 중첩과 간섭","","theory","ba","","안경 렌즈의 무반사 코팅에 대한 설명으로 옳은 것은?","렌즈 위에 검은색 색소를 칠해 반사를 차단한다.","얇은 막을 입혀서, 위·아래 면에서 반사된 두 빛이 상쇄 간섭하여 반사광을 없앤다.","렌즈를 매우 두껍게 만들어 빛을 흡수시킨다.","렌즈의 표면을 거칠게 만들어 빛을 산란시킨다.","2","무반사 코팅은 렌즈에 적절한 두께의 얇은 막을 입혀, 막의 위·아래 면에서 반사된 두 빛이 상쇄 간섭하도록 만든 것입니다. 그 결과 반사광이 줄고 더 많은 빛이 투과합니다."
"219","PHY","물리학","3","빛과 물질","1","빛의 이해","1","빛의 중첩과 간섭","","theory","ba","","교과서에서 정의하는 '간섭계'의 의미로 가장 옳은 것은?","빛의 간섭 현상을 이용하여 거리나 길이 등의 물리량을 정밀하게 측정하는 기기이다.","빛의 색을 분해하여 보여 주는 기기이다.","빛의 세기를 증폭시키는 기기이다.","빛의 입자성을 측정하는 기기이다.","1","간섭계의 정의: 빛의 간섭 현상을 이용하여 거리나 길이 등의 물리량을 정밀하게 측정하는 기기입니다."
"220","PHY","물리학","3","빛과 물질","1","빛의 이해","1","빛의 중첩과 간섭","","theory","ad","","빛의 간섭 현상을 이용한 기술 또는 현상으로 옳지 않은 것은?","지폐·신용카드의 위조 방지용 홀로그램","안경 렌즈의 무반사 코팅","모르포 나비의 파란색 표면","프리즘에 의한 햇빛의 무지개 색 분산","4","프리즘에 의한 햇빛의 분산은 파장에 따라 굴절률이 다른 '분산(굴절)' 현상으로, 간섭과는 다른 원리입니다. 나머지(홀로그램, 무반사 코팅, 모르포 나비)는 모두 빛의 간섭을 이용한 사례입니다."
"221","PHY","물리학","3","빛과 물질","1","빛의 이해","2","빛의 굴절 · 1차","","theory","ba","","파동에 대한 설명으로 옳은 것은?","한 곳에서 생긴 진동이 매질을 통해 주위로 퍼져 나가는 현상이다.","물질 자체가 한 곳에서 다른 곳으로 직접 이동하는 현상이다.","운동 에너지가 0인 상태가 지속되는 현상이다.","물체가 한 점에 정지해 있는 상태이다.","1","파동은 한 지점에서 생긴 진동(에너지)이 매질을 통해 사방으로 전달되는 현상입니다. 물질 자체가 이동하는 것은 아니라는 점이 핵심입니다."
"222","PHY","물리학","3","빛과 물질","1","빛의 이해","2","빛의 굴절 · 1차","","theory","ba","","파동에서 '매질'에 대한 설명으로 옳은 것은?","파동을 전달하는 물질이다.","파동의 진동수를 결정하는 광원이다.","파동이 도달하는 마지막 지점이다.","파동의 색깔을 만드는 입자이다.","1","매질은 파동을 전달해 주는 물질을 말합니다. 예: 음파의 공기, 물결파의 물, 줄파동의 줄 등."
"223","PHY","물리학","3","빛과 물질","1","빛의 이해","2","빛의 굴절 · 1차","","theory","ba","","파동에서 '진폭'의 정의로 옳은 것은?","인접한 두 마루 사이의 거리","1초 동안 진동한 횟수","진동의 중심(평형 위치)에서 최대로 멀어진 거리","한 번 진동하는 데 걸리는 시간","3","진폭은 매질의 한 지점이 진동의 중심(평형 위치)에서 가장 멀리 벗어났을 때의 거리입니다."
"224","PHY","물리학","3","빛과 물질","1","빛의 이해","2","빛의 굴절 · 1차","","theory","ba","","파동에서 '파장'의 정의로 옳은 것은?","진동의 최대 변위","인접한 두 마루(또는 두 골) 사이의 거리","1초 동안 진동한 횟수","파동이 1초 동안 진행한 거리","2","파장은 파동의 한 주기 동안 진행한 거리, 즉 이웃한 두 마루 사이(또는 두 골 사이)의 거리입니다."
"225","PHY","물리학","3","빛과 물질","1","빛의 이해","2","빛의 굴절 · 1차","","theory","ba","","변위-위치 그래프(어떤 순간 매질 위 위치별 변위)에서 직접 읽을 수 있는 물리량은?","주기","진동수","전파 속력","파장과 진폭","4","변위-위치 그래프는 가로축이 매질 위 위치이므로, 마루와 마루 사이 거리(파장)와 최대 변위(진폭)를 읽을 수 있습니다. 주기/진동수는 시간 정보가 필요하여 변위-시간 그래프에서 얻습니다."
"226","PHY","물리학","3","빛과 물질","1","빛의 이해","2","빛의 굴절 · 1차","","theory","ba","","변위-시간 그래프(매질의 한 점이 시간에 따라 진동하는 모습)에서 직접 읽을 수 있는 물리량은?","파장","주기와 진폭","전파 속력","굴절률","2","변위-시간 그래프는 가로축이 시간이므로 주기(한 번 진동하는 시간)와 진폭을 읽을 수 있습니다. 파장은 위치 정보가 필요하여 변위-위치 그래프에서 얻습니다."
"227","PHY","물리학","3","빛과 물질","1","빛의 이해","2","빛의 굴절 · 1차","","theory","ba","","파동에서 '마루'의 정의로 옳은 것은?","변위가 양(+)의 최대인 지점","변위가 음(-)의 최대인 지점","변위가 항상 0인 지점","진동의 중심점","1","마루는 매질의 변위가 양의 방향으로 가장 큰 지점, 골은 음의 방향으로 가장 큰 지점입니다."
"228","PHY","물리학","3","빛과 물질","1","빛의 이해","2","빛의 굴절 · 1차","","theory","ba","","파동에서 '주기'의 정의로 옳은 것은?","매질의 한 점이 1초 동안 진동한 횟수","매질의 한 점이 한 번 진동하는 데 걸리는 시간","한 마루에서 다음 마루까지의 거리","파동이 진행하는 속력","2","주기 T는 매질의 한 점이 한 번 완전히 진동하는 데 걸리는 시간입니다. 단위는 초(s)."
"229","PHY","물리학","3","빛과 물질","1","빛의 이해","2","빛의 굴절 · 1차","","theory","ba","","파동의 진동수 f의 정의로 옳은 것은?","인접한 두 마루 사이의 거리","한 번 진동하는 데 걸리는 시간","파동의 진폭","매질의 한 점이 1초 동안 진동한 횟수","4","진동수 f는 매질의 한 점이 1초 동안 진동한 횟수입니다. 단위는 Hz(헤르츠)이며 1 Hz = 1회/s."
"230","PHY","물리학","3","빛과 물질","1","빛의 이해","2","빛의 굴절 · 1차","","theory","ba","","파동의 주기 T와 진동수 f의 관계식으로 옳은 것은?","T = f","T = f²","T = 1/f","T = f + 1","3","주기와 진동수는 역수 관계입니다. T = 1/f, 또는 f = 1/T."
"231","PHY","물리학","3","빛과 물질","1","빛의 이해","2","빛의 굴절 · 1차","","theory","ba","","파동의 속력 v, 진동수 f, 파장 λ의 관계식으로 옳은 것은?","v = f / λ","v = λ / f","v = fλ","v = f + λ","3","파동의 속력은 v = fλ 입니다. (한 주기 T 동안 한 파장 λ만큼 이동 → v = λ/T = fλ)"
"232","PHY","물리학","3","빛과 물질","1","빛의 이해","2","빛의 굴절 · 1차","","theory","ba","","진동수가 5 Hz, 파장이 2 m인 파동의 속력은?","2.5 m/s","5 m/s","7 m/s","10 m/s","4","v = fλ = 5 × 2 = 10 m/s."
"233","PHY","물리학","3","빛과 물질","1","빛의 이해","2","빛의 굴절 · 1차","","theory","ba","","파동이 매질 1에서 매질 2로 진행할 때, 두 매질에서 변하지 않는 물리량은?","속력","진동수","파장","방향","2","파동이 다른 매질로 진행해도 광원에서 정해진 진동수는 바뀌지 않습니다. 진동수는 보존되고, 속력과 파장만 매질에 따라 달라집니다."
"234","PHY","물리학","3","빛과 물질","1","빛의 이해","2","빛의 굴절 · 1차","","theory","ba","","파동이 매질 1에서 매질 2로 들어갈 때, 매질에 따라 달라질 수 있는 물리량을 모두 고른 것은?","진동수만","주기만","진동수와 주기","속력과 파장","4","진동수와 주기는 광원에 의해 결정되어 매질이 바뀌어도 보존됩니다. 매질에 따라 달라지는 것은 속력 v와 파장 λ입니다."
"235","PHY","물리학","3","빛과 물질","1","빛의 이해","2","빛의 굴절 · 1차","","theory","ad","","한 파동이 매질 A에서 매질 B로 진행한다. 매질 A에서의 속력이 매질 B보다 빠르다면, 두 매질에서 파장의 비교로 옳은 것은?","매질 A에서 파장이 더 길다.","매질 B에서 파장이 더 길다.","두 매질에서 파장은 같다.","비교할 수 없다.","1","v = fλ에서 진동수 f가 같으므로 v ∝ λ. 속력이 빠른 곳(매질 A)에서 파장이 더 길고, 속력이 느린 곳(매질 B)에서 파장이 더 짧습니다."
"236","PHY","물리학","3","빛과 물질","1","빛의 이해","2","빛의 굴절 · 1차","","theory","ba","","한 파동이 매질 A에서 매질 B로 진행한다. 매질 A에서의 파장이 매질 B에서보다 길게 관측되었다. 두 매질에서 진동수의 비교로 옳은 것은?","매질 A에서 진동수가 더 크다.","매질 B에서 진동수가 더 크다.","두 매질에서 진동수는 같다.","매질 A에서만 진동수가 정의된다.","3","파동이 매질을 바꿔 진행할 때 진동수는 매질에 관계없이 보존됩니다. 따라서 두 매질에서 진동수는 같습니다. (변하는 것은 속력과 파장)"
"237","PHY","물리학","3","빛과 물질","1","빛의 이해","2","빛의 굴절 · 1차","","theory","ad","","한 파동이 매질 1에서 매질 2로 진행할 때, 매질 1에서의 파장이 매질 2에서보다 짧다. 두 매질에서 파동의 속력의 비교로 옳은 것은? (진동수 보존)","매질 1에서 속력이 더 빠르다.","매질 2에서 속력이 더 빠르다.","두 속력이 같다.","매질 2에서는 파동이 진행하지 않는다.","2","v = fλ, f는 보존이므로 v ∝ λ. 파장이 더 긴 매질 2에서 속력도 더 빠릅니다. (파장이 짧은 매질 1에서는 속력이 느림)"
"238","PHY","물리학","3","빛과 물질","1","빛의 이해","2","빛의 굴절 · 1차","","theory","ad","","두 매질에 대한 파동의 비교로 옳지 않은 것은? (매질 A의 속력 > 매질 B의 속력)","매질 A에서 파장이 더 길다.","매질 B에서 파장이 더 짧다.","매질 B에서 진동수가 더 크다.","매질 A에서 매질 B로 진행해도 진동수는 변하지 않는다.","3","진동수는 매질에 관계없이 보존되므로 두 매질에서 같습니다. 따라서 ""매질 B에서 진동수가 더 크다""는 틀린 진술입니다."
"239","PHY","물리학","3","빛과 물질","1","빛의 이해","2","빛의 굴절 · 1차","","theory","ba","","빛의 굴절이 일어나는 가장 근본적인 원인은?","빛이 매질의 경계면에서 모두 반사되기 때문에","빛의 진동수가 매질에 따라 변하기 때문에","매질에 따라 빛(파동)의 속력이 달라지기 때문에","빛의 색깔이 매질에 따라 변하기 때문에","3","매질에 따라 빛의 속력이 달라지고, 속력이 달라지는 경계에서 파동의 진행 방향이 꺾이는 현상이 굴절입니다. (""매질이 파동의 속력을 결정합니다"")"
"240","PHY","물리학","3","빛과 물질","1","빛의 이해","2","빛의 굴절 · 1차","","theory","ba","","빛이 두 매질의 경계에서 굴절될 때 일반적으로 변하는 것이 아닌 것은?","진동수","속력","파장","진행 방향","1","굴절 시 진동수는 보존되고, 속력·파장·진행 방향이 달라집니다."
"241","PHY","물리학","3","빛과 물질","1","빛의 이해","2","빛의 굴절 · 1차","","theory","ba","","매질의 굴절률 n의 정의로 옳은 것은? (c: 진공에서의 빛의 속력, v: 매질에서의 빛의 속력)","n = v / c","n = c × v","n = c / v","n = c + v","3","매질의 굴절률은 진공에서의 빛의 속력 c를 매질에서의 빛의 속력 v로 나눈 값입니다. n = c/v. 매질에서 속력이 느릴수록 n이 커집니다."
"242","PHY","물리학","3","빛과 물질","1","빛의 이해","2","빛의 굴절 · 1차","","theory","ba","","굴절률이 큰 매질의 특징으로 옳은 것은?","그 매질에서 빛의 속력이 더 느리다.","그 매질에서 빛의 속력이 더 빠르다.","그 매질에서 빛의 진동수가 더 크다.","그 매질에서는 굴절이 일어나지 않는다.","1","n = c/v 이므로 굴절률 n이 큰 매질일수록 그 매질에서의 빛의 속력 v가 작습니다. (밀한 매질)"
"243","PHY","물리학","3","빛과 물질","1","빛의 이해","2","빛의 굴절 · 1차","","theory","ba","","빛이 굴절할 때, '입사각'과 '굴절각'의 측정 기준선으로 옳은 것은?","경계면에 수직으로 그은 법선","경계면 자체","광축","광원과 관찰자를 잇는 선","1","입사각과 굴절각은 모두 두 매질의 경계면에 수직인 법선과 광선이 이루는 각으로 측정합니다."
"244","PHY","물리학","3","빛과 물질","1","빛의 이해","2","빛의 굴절 · 1차","","theory","ad","","굴절 법칙(스넬의 법칙)을 옳게 나타낸 식은? (θ₁: 매질 1에서 입사각, θ₂: 매질 2에서 굴절각, v₁, v₂: 각 매질에서 속력, n₁, n₂: 각 매질의 굴절률)","n₁ sin θ₂ = n₂ sin θ₁","sin θ₁ × sin θ₂ = v₁ × v₂","sin θ₁ + sin θ₂ = n₁ + n₂","n₁ sin θ₁ = n₂ sin θ₂","4","스넬의 법칙: n₁ sin θ₁ = n₂ sin θ₂. 이는 sin θ₁ / sin θ₂ = v₁/v₂ = n₂/n₁ 으로도 표현됩니다."
"245","PHY","물리학","3","빛과 물질","1","빛의 이해","2","빛의 굴절 · 1차","","theory","ba","","빛이 속력이 빠른 매질에서 속력이 느린 매질로 진행할 때, 입사각 θ₁과 굴절각 θ₂의 대소 관계로 옳은 것은?","θ₁ = θ₂","θ₁ > θ₂ (법선 쪽으로 꺾임)","θ₁ < θ₂ (법선에서 멀어짐)","비교할 수 없다.","2","sin θ₁ / sin θ₂ = v₁ / v₂. v₁ > v₂이면 sin θ₁ > sin θ₂, 즉 θ₁ > θ₂. 빛이 법선 쪽으로 꺾입니다. (느린 매질 = 밀한 매질로 들어가면 법선 쪽으로)"
"246","PHY","물리학","3","빛과 물질","1","빛의 이해","2","빛의 굴절 · 1차","","theory","ad","","빛이 속력이 느린 매질에서 속력이 빠른 매질로 진행할 때, 입사각 θ₁과 굴절각 θ₂의 대소 관계로 옳은 것은?","θ₁ < θ₂ (법선에서 멀어지며 꺾임)","θ₁ > θ₂","θ₁ = θ₂","굴절이 일어나지 않는다.","1","v₁ < v₂일 때 sin θ₁ < sin θ₂, 즉 θ₁ < θ₂. 빛이 법선에서 멀어지는 방향으로 꺾입니다."
"247","PHY","물리학","3","빛과 물질","1","빛의 이해","2","빛의 굴절 · 1차","","theory","ba","","광학계에서 '광축'의 정의로 옳은 것은?","렌즈의 초점과 물체를 잇는 선","렌즈의 가장자리를 따라가는 선","렌즈와 거울로 구성된 광학계에서 각 곡면의 중심을 연결한 직선","렌즈의 두께를 측정하는 선","3","광축은 렌즈나 거울로 구성된 광학계에서 각 곡면의 중심을 연결한 직선입니다. 광선 추적의 기준이 되는 축이며 보통 가로축으로 그립니다."
"248","PHY","물리학","3","빛과 물질","1","빛의 이해","2","빛의 굴절 · 1차","","theory","ba","","볼록 렌즈의 '초점'에 대한 설명으로 옳은 것은?","렌즈의 중심점이다.","렌즈의 가장자리 점이다.","렌즈의 두께가 가장 두꺼운 곳이다.","광축과 나란하게 입사한 빛이 굴절된 후 한 점에 모이는 그 점이다.","4","초점은 광축과 평행하게 입사한 빛이 볼록 렌즈에서 굴절된 후 한 점에 모이는 그 점입니다."
"249","PHY","물리학","3","빛과 물질","1","빛의 이해","2","빛의 굴절 · 1차","","theory","ba","","볼록 렌즈에서 '초점 거리'의 정의로 옳은 것은?","물체와 렌즈 사이의 거리","렌즈에서 초점까지의 거리","렌즈와 스크린 사이의 거리","두 초점 사이의 거리","2","초점 거리는 렌즈의 중심에서 초점까지의 거리입니다. 보통 f로 표기합니다."
"250","PHY","물리학","3","빛과 물질","1","빛의 이해","2","빛의 굴절 · 1차","","theory","ba","","볼록 렌즈에서 광선 추적법 ①: 광축에 평행하게 입사한 광선은 굴절 후 어떻게 진행하는가?","반대쪽 초점을 지난다.","광축과 평행하게 계속 진행한다.","렌즈의 중심으로 다시 돌아간다.","그대로 직진한다.","1","광축에 평행하게 입사한 광선은 볼록 렌즈를 통과한 후 반대쪽 초점을 지납니다. (광선 추적법 ①)"
"251","PHY","물리학","3","빛과 물질","1","빛의 이해","2","빛의 굴절 · 1차","","theory","ba","","볼록 렌즈에서 광선 추적법 ②: 렌즈 앞쪽 초점을 지나 입사한 광선은 굴절 후 어떻게 진행하는가?","다시 초점 쪽으로 돌아간다.","광축에 수직으로 진행한다.","물체 쪽으로 반사된다.","광축에 평행하게 진행한다.","4","초점을 지나 입사한 광선은 볼록 렌즈를 통과한 후 광축에 평행하게 진행합니다. (광선 추적법 ②, 추적법 ①과 광선의 가역성 관계)"
"252","PHY","물리학","3","빛과 물질","1","빛의 이해","2","빛의 굴절 · 1차","","theory","ba","","볼록 렌즈에서 광선 추적법 ③: 렌즈의 중심을 지나는 광선은 굴절 후 어떻게 진행하는가?","반대쪽 초점을 지난다.","경로가 바뀌지 않고 직진한다.","광축에 평행하게 진행한다.","원래 방향으로 되돌아간다.","2","렌즈의 중심을 지나는 광선은 굴절 효과가 상쇄되어 경로가 바뀌지 않고 그대로 직진합니다. (광선 추적법 ③, 얇은 렌즈 근사)"
"253","PHY","물리학","3","빛과 물질","1","빛의 이해","2","빛의 굴절 · 1차","","theory","ba","","물체가 볼록 렌즈의 초점 거리의 2배(2f)보다 더 먼 곳에 있을 때, 생기는 상의 종류와 성질로 옳은 것은?","정립 확대 허상","도립 축소 실상","정립 축소 허상","도립 확대 실상","2","물체가 2f보다 먼 곳: 광선이 렌즈 반대쪽에서 한 점에 모여 ""실상""이 생기고, 위아래가 뒤집힌 ""도립"", 크기는 물체보다 작은 ""축소"" 상입니다. (사례: 사진기·망원경의 대물렌즈)"
"254","PHY","물리학","3","빛과 물질","1","빛의 이해","2","빛의 굴절 · 1차","","theory","ba","","물체가 볼록 렌즈의 초점 거리의 2배(2f) 위치에 정확히 있을 때, 생기는 상의 위치와 크기는?","렌즈 안쪽(같은 쪽)에 같은 크기로 생긴다.","반대쪽 초점 거리의 2배(2f) 위치에 물체와 같은 크기로 생긴다.","반대쪽 무한대에 생긴다.","상이 생기지 않는다.","2","물체가 정확히 2f에 있으면 상은 반대쪽 2f 위치에 물체와 동일한 크기로 생깁니다. 도립 실상."
"255","PHY","물리학","3","빛과 물질","1","빛의 이해","2","빛의 굴절 · 1차","","theory","ba","","물체가 볼록 렌즈의 초점 거리 f와 2f 사이에 있을 때, 생기는 상의 성질로 옳은 것은?","도립 확대 실상","정립 축소 허상","도립 축소 실상","정립 확대 허상","1","물체가 f와 2f 사이에 있으면 상은 2f 바깥쪽에 도립·확대·실상으로 생깁니다. (사례: 영사기·OHP)"
"256","PHY","물리학","3","빛과 물질","1","빛의 이해","2","빛의 굴절 · 1차","","theory","ba","","물체가 볼록 렌즈의 초점 거리의 2배(2f)보다 더 먼 곳에 있을 때, 생기는 상의 위치는?","렌즈와 같은 쪽 f 안쪽에 생긴다.","렌즈와 같은 쪽 2f 바깥쪽에 생긴다.","반대쪽 f와 2f 사이에 생긴다.","반대쪽 2f 바깥쪽에 생긴다.","3","물체가 2f 바깥에 있을 때, 상은 렌즈의 반대쪽 f와 2f 사이에 생깁니다. (도립·축소·실상)"
"257","PHY","물리학","3","빛과 물질","1","빛의 이해","2","빛의 굴절 · 1차","","theory","ad","","볼록 렌즈에서 다음 중 ""도립 실상""이 생기는 물체 위치를 모두 묶은 것은? [보기] ㄱ. 2f 바깥, ㄴ. 2f 정확히, ㄷ. f와 2f 사이, ㄹ. 초점 바로 위, ㅁ. 초점 안쪽","ㄱ만","ㄱ, ㄴ","ㄱ, ㄴ, ㄷ","ㄷ, ㄹ, ㅁ","3","물체가 초점(f) 바깥에 있을 때는 항상 도립 실상이 만들어집니다. 단 ㄹ(초점 바로 위)에서는 상이 무한대로 발산하여 맺히지 않고, ㅁ(초점 안쪽)에서는 정립 확대 허상이 됩니다."
"258","PHY","물리학","3","빛과 물질","1","빛의 이해","2","빛의 굴절 · 1차","","theory","ba","","물체가 볼록 렌즈의 초점에 정확히 놓였을 때, 생기는 상에 대한 설명으로 옳은 것은?","렌즈 바로 뒤에 같은 크기의 도립 실상이 생긴다.","반대쪽 초점 위에 정립 실상이 생긴다.","물체 위치에 그대로 상이 생긴다.","굴절된 광선들이 평행하게 진행하여 상이 맺히지 않는다(무한대에 생긴다).","4","물체가 초점에 있으면 굴절된 광선들이 모두 광축에 평행하게 진행하므로, 한 점에 모이지 않아 유한한 위치에 상이 맺히지 않습니다. (수학적으로 무한대)"
"259","PHY","물리학","3","빛과 물질","1","빛의 이해","2","빛의 굴절 · 1차","","theory","ad","","물체가 볼록 렌즈의 초점보다 안쪽(렌즈와 초점 사이)에 있을 때, 생기는 상의 성질로 옳은 것은?","도립 축소 실상","정립 확대 허상","정립 축소 실상","도립 확대 허상","2","물체가 초점 안쪽에 있으면 굴절된 광선들이 한 점에서 만나지 못하고, 렌즈 뒤로 연장한 점에서 만난 것처럼 보입니다. 따라서 정립·확대·허상이 생깁니다. (사례: 돋보기)"
"260","PHY","물리학","3","빛과 물질","1","빛의 이해","2","빛의 굴절 · 1차","","theory","ad","","돋보기로 작은 글씨를 확대해 볼 때, 글씨(물체)와 볼록 렌즈의 위치 관계와 보이는 상의 종류로 옳은 것은?","글씨가 2f 바깥쪽 — 도립 축소 실상","글씨가 f와 2f 사이 — 도립 확대 실상","글씨가 2f 바깥쪽 — 정립 확대 허상","글씨가 초점 안쪽 — 정립 확대 허상","4","돋보기는 물체(글씨)를 초점 안쪽에 두고 사용합니다. 그래야 정립 확대 허상이 보여 글씨가 크게 보입니다."
"261","PHY","물리학","3","빛과 물질","1","빛의 이해","2","빛의 굴절 · 2차","","theory","ba","","한 곳에서 생긴 진동이 매질을 통해 사방으로 퍼져 나가는 현상을 무엇이라 하는가?","파동","굴절","초점","광축","1","파동은 한 지점의 진동이 매질을 통해 주위로 퍼져나가는 현상입니다."
"262","PHY","물리학","3","빛과 물질","1","빛의 이해","2","빛의 굴절 · 2차","","theory","ba","","파동에 대한 설명으로 옳은 것은?","파동이 진행할 때 매질의 입자들은 그 자리에서 진동할 뿐 함께 이동하지 않는다.","파동이 진행하면 매질 입자들이 같이 멀리까지 이동한다.","파동은 매질이 없는 진공에서는 절대 진행하지 않는다.","파동에서는 에너지가 전달되지 않는다.","1","파동에서는 매질 입자가 제자리에서 진동하면서 진동 상태(에너지)만 옆으로 전달됩니다. 빛(전자기파)은 진공에서도 진행 가능하므로 ③도 잘못된 진술입니다."
"263","PHY","물리학","3","빛과 물질","1","빛의 이해","2","빛의 굴절 · 2차","","theory","ba","","파동에서 '골(trough)'의 정의로 옳은 것은?","변위가 양(+)의 최대인 지점","변위가 항상 0인 지점","이웃한 두 골 사이의 거리","변위가 음(-)의 최대인 지점","4","골은 매질의 변위가 음의 방향으로 가장 큰 지점입니다. (마루는 양의 최대)"
"264","PHY","물리학","3","빛과 물질","1","빛의 이해","2","빛의 굴절 · 2차","","theory","ba","","변위-위치 그래프와 변위-시간 그래프에서 각각 직접 읽을 수 있는 물리량을 옳게 짝지은 것은?","변위-위치: 파장·진폭 / 변위-시간: 주기·진폭","변위-위치: 주기·진폭 / 변위-시간: 파장·진폭","변위-위치: 진동수 / 변위-시간: 파장","변위-위치: 속력 / 변위-시간: 굴절률","1","가로축이 위치인 그래프에서는 파장(과 진폭)을, 가로축이 시간인 그래프에서는 주기(와 진폭)를 읽을 수 있습니다."
"265","PHY","물리학","3","빛과 물질","1","빛의 이해","2","빛의 굴절 · 2차","","theory","ba","","변위-시간 그래프에서 한 번 진동하는 데 걸리는 시간을 무엇이라 하는가?","진폭","주기","파장","진동수","2","주기 T는 한 번 진동하는 데 걸리는 시간이며, 변위-시간 그래프에서 한 마루에서 다음 마루까지의 가로 간격으로 읽습니다."
"266","PHY","물리학","3","빛과 물질","1","빛의 이해","2","빛의 굴절 · 2차","","theory","ba","","이웃한 두 마루 사이의 거리는 무엇인가?","진폭","주기","파장","진동수","3","파장은 한 주기 동안 진행한 거리, 즉 이웃한 두 마루(또는 두 골) 사이의 거리입니다."
"267","PHY","물리학","3","빛과 물질","1","빛의 이해","2","빛의 굴절 · 2차","","theory","ba","","파동의 주기 T = 0.2 s일 때, 진동수 f는?","0.2 Hz","5 Hz","0.5 Hz","20 Hz","2","f = 1/T = 1/0.2 = 5 Hz."
"268","PHY","물리학","3","빛과 물질","1","빛의 이해","2","빛의 굴절 · 2차","","theory","ba","","파장이 4 m, 주기가 2 s인 파동의 속력은?","0.5 m/s","1 m/s","8 m/s","2 m/s","4","v = λ/T = 4/2 = 2 m/s. (또는 f = 1/T = 0.5 Hz, v = fλ = 0.5 × 4 = 2 m/s)"
"269","PHY","물리학","3","빛과 물질","1","빛의 이해","2","빛의 굴절 · 2차","","theory","ba","","파동의 속력이 12 m/s이고 진동수가 4 Hz일 때, 이 파동의 파장은?","3 m","16 m","8 m","48 m","1","v = fλ ⇒ λ = v/f = 12/4 = 3 m."
"270","PHY","물리학","3","빛과 물질","1","빛의 이해","2","빛의 굴절 · 2차","","theory","ba","","파동이 한 매질에서 다른 매질로 진행할 때, 진동수에 대한 설명으로 옳은 것은?","매질에 관계없이 진동수는 변하지 않고 보존된다.","매질이 바뀌면 진동수가 항상 두 배가 된다.","매질이 바뀌면 진동수가 0이 된다.","매질이 바뀌면 진동수도 임의로 변한다.","1","진동수는 광원(파원)에 의해 결정되므로, 매질이 바뀌어도 보존됩니다. 변하는 것은 속력과 파장입니다."
"271","PHY","물리학","3","빛과 물질","1","빛의 이해","2","빛의 굴절 · 2차","","theory","ba","","파동이 매질 A에서 매질 B로 진행할 때, 매질 A에서의 파동의 속력이 더 크다. 두 매질에서 파장(λ)의 비교로 옳은 것은?","λ_A < λ_B","λ_A = λ_B","λ_A > λ_B","비교할 수 없다.","3","진동수가 같으므로 v = fλ에서 v ∝ λ. 속력이 큰 매질 A에서 파장도 더 깁니다."
"272","PHY","물리학","3","빛과 물질","1","빛의 이해","2","빛의 굴절 · 2차","","theory","ba","","파동이 매질 A에서 매질 B로 진행할 때 매질 A에서의 파장이 더 길게 관측되었다. 두 매질에서 파동의 속력(v)의 비교로 옳은 것은?","v_A < v_B","v_A > v_B","v_A = v_B","매질 B에서는 정지한다.","2","f는 보존이므로 v ∝ λ. 파장이 더 긴 매질 A에서 속력이 더 빠릅니다."
"273","PHY","물리학","3","빛과 물질","1","빛의 이해","2","빛의 굴절 · 2차","","theory","ba","","파동이 매질 1에서 매질 2로 진행할 때 매질 1에서의 파장이 매질 2보다 짧다. 두 매질에서 진동수(f)의 비교로 옳은 것은?","f_1 > f_2","f_1 < f_2","f_1 = f_2","f_2 = 0","3","매질이 바뀌어도 진동수는 보존됩니다. 두 매질에서 진동수는 같습니다."
"274","PHY","물리학","3","빛과 물질","1","빛의 이해","2","빛의 굴절 · 2차","","theory","ad","","빛이 공기에서 유리로 진행할 때, 유리에서 빛의 속력이 공기에서보다 작아진다. 유리 안에서 빛의 파장은 공기에서와 비교하여 어떻게 변하는가? (진동수 보존)","더 길어진다.","변하지 않는다.","0이 된다.","더 짧아진다.","4","f가 보존되고 v가 작아지므로, λ = v/f 에서 파장도 작아집니다. 속력이 느린 매질일수록 파장이 짧습니다."
"275","PHY","물리학","3","빛과 물질","1","빛의 이해","2","빛의 굴절 · 2차","","theory","ad","","한 파동이 두 매질을 지나며 매질 X에서 매질 Y로 진행할 때, 매질 Y에서 파장이 매질 X에 비해 길게 측정되었다. 다음 중 옳은 것은?","매질 Y에서 속력이 더 빠르다.","매질 Y에서 진동수가 더 크다.","매질 Y에서 속력이 더 느리다.","매질 X와 Y에서 속력이 같다.","1","진동수가 보존되므로 v ∝ λ. 파장이 더 긴 매질 Y에서 속력이 더 빠릅니다."
"276","PHY","물리학","3","빛과 물질","1","빛의 이해","2","빛의 굴절 · 2차","","theory","ad","","파동이 매질 1에서 매질 2로 진행할 때, 매질 2에서 파동의 속력이 더 작아졌다. 다음 중 옳지 않은 것은?","매질 2에서 파장이 더 짧아진다.","매질 1과 매질 2에서 진동수는 같다.","매질 2에서 진동수가 더 작아진다.","매질 2에서 v = fλ는 여전히 성립한다.","3","진동수는 매질에 관계없이 보존되므로 ""매질 2에서 진동수가 더 작아진다""는 잘못된 진술입니다. (변하는 것은 속력과 파장)"
"277","PHY","물리학","3","빛과 물질","1","빛의 이해","2","빛의 굴절 · 2차","","theory","ad","","어떤 빛의 진공에서의 파장이 600 nm이다. 이 빛이 굴절률이 1.5인 유리로 들어갔을 때, 유리 안에서의 파장은 약 얼마인가?","900 nm","1200 nm","300 nm","400 nm","4","f는 보존이므로 λ_유리/λ_진공 = v_유리/c = 1/n. 따라서 λ_유리 = 600/1.5 = 400 nm. (속력이 1/n로 줄면 파장도 1/n로 줄어듦)"
"278","PHY","물리학","3","빛과 물질","1","빛의 이해","2","빛의 굴절 · 2차","","theory","ba","","빛이 두 매질의 경계면에서 진행 방향이 꺾이는 현상의 직접적인 원인은?","경계면이 빛을 흡수하기 때문에","빛의 색이 매질에 따라 변하기 때문에","빛의 진동수가 변하기 때문에","매질에 따라 빛의 속력이 달라지기 때문에","4","굴절은 매질이 바뀌면서 파동의 속력이 달라지는 것이 원인입니다. (""매질이 파동의 속력을 결정"", 속력이 달라지는 순간 진행방향이 바뀜)"
"279","PHY","물리학","3","빛과 물질","1","빛의 이해","2","빛의 굴절 · 2차","","theory","ba","","매질의 굴절률 n에 대한 설명으로 옳은 것은? (c: 진공에서 빛의 속력, v: 매질에서 빛의 속력)","n = v/c 이고, 진공의 n = 0이다.","굴절률은 매질의 색을 나타낸다.","매질의 굴절률이 1보다 작은 경우가 일반적이다.","n = c/v 이며, 진공의 n = 1이다.","4","굴절률 n = c/v 입니다. 진공에서 v = c이므로 n = 1. 다른 매질에서는 v < c이므로 일반적으로 n > 1입니다."
"280","PHY","물리학","3","빛과 물질","1","빛의 이해","2","빛의 굴절 · 2차","","theory","ba","","두 매질 A, B 중 매질 A의 굴절률이 더 크다. 두 매질에서 빛의 속력의 비교로 옳은 것은?","매질 A에서 속력이 더 크다.","매질 A에서 속력이 더 작다.","두 매질에서 속력이 같다.","매질 B에서는 빛이 정지한다.","2","n = c/v 이므로 굴절률이 큰 매질 A에서 빛의 속력이 더 작습니다. (밀한 매질)"
"281","PHY","물리학","3","빛과 물질","1","빛의 이해","2","빛의 굴절 · 2차","","theory","ba","","빛이 공기(굴절률 약 1)에서 물(굴절률 약 1.33)로 비스듬히 입사할 때, 입사각 θ₁과 굴절각 θ₂의 대소 관계는?","θ₁ < θ₂","θ₁ = θ₂","θ₁ > θ₂","굴절이 일어나지 않는다.","3","공기에서 물로 입사: 속력이 빠른 매질→느린 매질. 빛이 법선 쪽으로 꺾이므로 입사각이 굴절각보다 큽니다. θ₁ > θ₂."
"282","PHY","물리학","3","빛과 물질","1","빛의 이해","2","빛의 굴절 · 2차","","theory","ba","","빛이 물(굴절률 1.33)에서 공기(굴절률 1)로 비스듬히 진행할 때, 입사각 θ₁과 굴절각 θ₂의 대소 관계는?","θ₁ > θ₂","θ₁ < θ₂","θ₁ = θ₂","결정할 수 없다.","2","속력이 느린 매질→빠른 매질로 갈 때 법선에서 멀어지는 방향으로 꺾입니다. 굴절각이 더 크므로 θ₁ < θ₂."
"283","PHY","물리학","3","빛과 물질","1","빛의 이해","2","빛의 굴절 · 2차","","theory","ad","","빛이 매질 1에서 매질 2로 입사할 때, 매질 1의 속력이 매질 2보다 빠르다. 다음 중 옳지 않은 것은? (θ₁: 입사각, θ₂: 굴절각)","매질 1에서 파장이 더 길다.","두 매질에서 진동수는 같다.","θ₁ > θ₂이다 (법선 쪽으로 꺾임).","매질 1의 굴절률이 더 크다.","3","속력이 빠른 매질이 굴절률이 작은 매질입니다(n=c/v). 따라서 매질 1의 굴절률이 더 작아야 하므로 ""매질 1의 굴절률이 더 크다""가 틀린 진술입니다. ③과 ①②는 모두 옳음."
"284","PHY","물리학","3","빛과 물질","1","빛의 이해","2","빛의 굴절 · 2차","","theory","ad","","빛이 매질 A에서 매질 B로 진행할 때 입사각보다 굴절각이 더 컸다. 두 매질에서 빛의 속력과 파장의 비교로 옳은 것은?","속력: A > B, 파장: A > B","속력: A < B, 파장: A < B","속력: A > B, 파장: A < B","속력: A < B, 파장: A > B","2","굴절각이 더 크면 법선에서 멀어지는 방향, 즉 빠른 매질로 들어간 것. 따라서 속력 A < B. 진동수 보존이므로 파장도 v에 비례 → 파장 A < B."
"285","PHY","물리학","3","빛과 물질","1","빛의 이해","2","빛의 굴절 · 2차","","theory","ba","","굴절 법칙(스넬의 법칙)에 대한 설명으로 옳은 것은?","n₁ sin θ₁ = n₂ sin θ₂ 의 관계가 성립한다.","n₁ sin θ₂ = n₂ sin θ₁ 가 옳다.","n₁ cos θ₁ = n₂ cos θ₂ 가 옳다.","입사각과 굴절각은 항상 같다.","1","스넬의 법칙: n₁ sin θ₁ = n₂ sin θ₂. (또는 sin θ₁ / sin θ₂ = v₁/v₂ = n₂/n₁)"
"286","PHY","물리학","3","빛과 물질","1","빛의 이해","2","빛의 굴절 · 2차","","theory","ba","","광축에 평행하게 입사한 빛이 볼록 렌즈에서 굴절된 후 한 점에 모이는 그 점을 무엇이라 하는가?","초점","광축","중심점","마루","1","광축에 평행한 빛이 굴절 후 한 점에 모이는 점을 ""초점""이라 하며, 렌즈의 중심에서 초점까지의 거리를 ""초점 거리""라 합니다."
"287","PHY","물리학","3","빛과 물질","1","빛의 이해","2","빛의 굴절 · 2차","","theory","ba","","볼록 렌즈의 초점 거리에 대한 설명으로 옳은 것은?","물체에서 렌즈까지의 거리이다.","렌즈의 중심에서 초점까지의 거리이다.","두 초점 사이의 거리이다.","렌즈의 두께와 같다.","2","초점 거리 f는 렌즈의 중심에서 초점까지의 거리입니다."
"288","PHY","물리학","3","빛과 물질","1","빛의 이해","2","빛의 굴절 · 2차","","theory","ba","","볼록 렌즈에서 광축에 평행하게 입사한 광선이 굴절 후 진행하는 경로로 옳은 것은?","원래 방향으로 되돌아 나간다.","굴절 후 반대쪽 초점을 지난다.","굴절 후에도 광축에 평행하게 계속 진행한다.","광축에 수직이 되어 위로 꺾인다.","2","광선 추적법 ①: 광축에 평행하게 입사한 광선은 굴절 후 반대쪽 초점을 지납니다."
"289","PHY","물리학","3","빛과 물질","1","빛의 이해","2","빛의 굴절 · 2차","","theory","ba","","볼록 렌즈에서 다음 중 광선의 진행 경로 설명이 옳은 것은?","초점을 지나 입사한 광선은 굴절 후 광축에 평행하게 진행한다.","초점을 지나 입사한 광선은 굴절 후 반대쪽 초점에 모인다.","렌즈의 중심을 지나는 광선은 굴절 후 광축에 평행해진다.","어떤 입사 광선도 굴절 후 모두 한 초점에 모인다.","1","광선 추적법 ②: 초점을 지나 입사한 광선은 굴절 후 광축에 평행하게 진행합니다. (광선의 가역성)"
"290","PHY","물리학","3","빛과 물질","1","빛의 이해","2","빛의 굴절 · 2차","","theory","ba","","볼록 렌즈의 중심을 지나는 광선의 굴절 후 경로로 옳은 것은?","반대쪽 초점을 지난다.","굴절되지 않고 직진한다.","광축에 평행해진다.","원래 들어온 방향으로 반사된다.","2","광선 추적법 ③: 렌즈의 중심을 지나는 광선은 굴절 효과가 상쇄되어 경로가 바뀌지 않고 그대로 직진합니다."
"291","PHY","물리학","3","빛과 물질","1","빛의 이해","2","빛의 굴절 · 2차","","theory","ba","","물체가 볼록 렌즈의 초점 거리의 2배(2f)보다 더 먼 곳에 있을 때, 상의 종류로 옳은 것은?","정립 확대 허상","정립 축소 허상","도립 확대 실상","도립 축소 실상","4","물체가 2f 바깥에 있으면 도립·축소·실상이 생깁니다. 상의 위치는 반대쪽 f와 2f 사이."
"292","PHY","물리학","3","빛과 물질","1","빛의 이해","2","빛의 굴절 · 2차","","theory","ba","","물체가 볼록 렌즈의 2f 위치에 있을 때, 상의 위치와 크기로 옳은 것은?","같은 쪽 2f에 같은 크기로 생긴다.","같은 쪽 f 안쪽에 확대되어 생긴다.","반대쪽 2f 위치에 물체와 같은 크기의 도립 실상으로 생긴다.","반대쪽 f와 2f 사이에 축소되어 생긴다.","3","물체가 정확히 2f에 있으면 상은 반대쪽 2f 위치에 같은 크기의 도립 실상으로 생깁니다."
"293","PHY","물리학","3","빛과 물질","1","빛의 이해","2","빛의 굴절 · 2차","","theory","ba","","물체가 f와 2f 사이에 있을 때, 상의 종류로 옳은 것은?","도립 축소 실상","정립 축소 허상","도립 확대 실상","정립 확대 허상","3","물체가 f와 2f 사이에 있으면 상은 반대쪽 2f 바깥에 도립·확대·실상으로 생깁니다. (영사기, OHP 응용)"
"294","PHY","물리학","3","빛과 물질","1","빛의 이해","2","빛의 굴절 · 2차","","theory","ba","","물체가 초점(f) 위에 정확히 놓일 때, 상에 대한 설명으로 옳은 것은?","굴절된 광선들이 모두 광축에 평행하여 유한한 위치에 상이 맺히지 않는다.","같은 위치에 같은 크기의 정립 실상이 생긴다.","반대쪽 초점에 도립 실상이 생긴다.","물체와 같은 위치에 허상이 생긴다.","1","물체가 초점에 있으면 각 광선이 굴절 후 모두 광축에 평행하게 진행하여 한 점에 모이지 않습니다. 따라서 유한 위치에 상이 맺히지 않습니다(무한대)."
"295","PHY","물리학","3","빛과 물질","1","빛의 이해","2","빛의 굴절 · 2차","","theory","ba","","물체가 초점 안쪽(렌즈와 초점 사이)에 놓일 때, 상의 종류로 옳은 것은?","도립 축소 실상","도립 확대 실상","정립 확대 허상","정립 축소 허상","3","물체가 초점 안쪽에 있으면 굴절된 광선들이 모이지 않고, 뒤로 연장해서 만나는 가상의 점에 정립·확대·허상이 생깁니다. (돋보기)"
"296","PHY","물리학","3","빛과 물질","1","빛의 이해","2","빛의 굴절 · 2차","","theory","ba","","다음 중 볼록 렌즈에 의해 ""허상""이 생기는 경우는?","물체가 2f 바깥에 있을 때","물체가 정확히 2f 위치에 있을 때","물체가 f와 2f 사이에 있을 때","물체가 초점 안쪽에 있을 때","4","허상은 물체가 초점 안쪽에 있을 때만 생깁니다. 그 외 초점 바깥 구간에서는 모두 실상이 생기며, 초점 위에서는 상이 무한대로 발산합니다."
"297","PHY","물리학","3","빛과 물질","1","빛의 이해","2","빛의 굴절 · 2차","","theory","ba","","볼록 렌즈에서 다음 중 ""정립 상""이 생기는 경우는?","물체가 2f 바깥에 있을 때","물체가 초점 안쪽에 있을 때","물체가 f와 2f 사이에 있을 때","물체가 정확히 2f에 있을 때","2","볼록 렌즈에서 정립 상은 물체가 초점 안쪽에 있을 때만 생깁니다(정립 확대 허상). 초점 바깥의 모든 경우에는 도립 실상이 만들어집니다."
"298","PHY","물리학","3","빛과 물질","1","빛의 이해","2","빛의 굴절 · 2차","","theory","ad","","볼록 렌즈에서 다음 중 ""확대 상""이 만들어지는 물체 위치를 모두 묶은 것은? [보기] ㄱ. 2f 바깥, ㄴ. f와 2f 사이, ㄷ. 초점 안쪽","ㄱ만","ㄴ만","ㄴ, ㄷ","ㄱ, ㄴ, ㄷ","3","확대 상: ㄴ(f~2f, 도립 확대 실상), ㄷ(초점 안쪽, 정립 확대 허상). ㄱ(2f 바깥)은 축소 상."
"299","PHY","물리학","3","빛과 물질","1","빛의 이해","2","빛의 굴절 · 2차","","theory","ba","","볼록 렌즈에서 다음 중 ""도립 상""이 만들어지는 경우를 모두 묶은 것은? [보기] ㄱ. 2f 바깥, ㄴ. f와 2f 사이, ㄷ. 초점 안쪽","ㄱ만","ㄷ만","ㄴ, ㄷ","ㄱ, ㄴ","4","도립 상은 실상에서만 나타납니다. ㄱ(도립 축소 실상), ㄴ(도립 확대 실상) 모두 도립. ㄷ(초점 안쪽)은 정립 허상."
"300","PHY","물리학","3","빛과 물질","1","빛의 이해","2","빛의 굴절 · 2차","","theory","ad","","어떤 볼록 렌즈로 물체를 본 결과 ""도립·확대·실상""이 보였다. 이 물체의 위치로 옳은 것은?","2f 바깥","정확히 2f 위치","f와 2f 사이","초점 안쪽","3","""도립 확대 실상""이 나타나는 위치는 f와 2f 사이입니다. (영사기·OHP 원리)"
"301","PHY","물리학","3","빛과 물질","1","빛의 이해","3","빛과 물질의 이중성 · 1차","","theory","ba","","빛의 '에너지'와 '세기'에 대한 설명으로 옳은 것은?","빛의 에너지가 클수록 항상 빛의 세기도 크다.","빛의 세기가 셀수록 한 광자의 에너지가 크다.","빛의 색(파장)에 따라 세기가 결정된다.","빛의 에너지는 진동수에 의해 결정되고, 빛의 세기는 단위 시간 동안 들어가는 에너지의 총량으로 결정된다.","4","빛의 에너지(E = hf)는 진동수에 의해 결정됩니다. 한편 빛의 세기는 단위 시간당 들어가는 에너지의 총량 — 즉 광자의 개수가 많으면 ""센 빛""입니다. 두 개념은 다릅니다."
"302","PHY","물리학","3","빛과 물질","1","빛의 이해","3","빛과 물질의 이중성 · 1차","","theory","ba","","빛의 종류에 따른 에너지 비교로 옳은 것은?","가시광선이 자외선보다 에너지가 크다.","적외선이 가시광선보다 에너지가 크다.","자외선이 적외선보다 에너지가 크다.","감마선은 에너지가 매우 작아 인체에 무해하다.","3","전자기파의 에너지는 진동수가 클수록 큽니다. 진동수 순: 적외선 < 가시광선 < 자외선 < 감마선. 따라서 자외선은 적외선보다 에너지가 크고, 자외선의 화학작용·살균 소독이 가능합니다. 감마선은 에너지가 매우 커 인체에 위험합니다."
"303","PHY","물리학","3","빛과 물질","1","빛의 이해","3","빛과 물질의 이중성 · 1차","","theory","ba","","같은 종류의 자외선 램프를 1개 켠 경우와 2개 켠 경우에 대한 설명으로 옳은 것은?","램프 2개를 켜면 단위 시간 동안 더 많은 에너지가 들어가므로 빛이 더 세다고 한다.","램프 2개를 켜면 한 광자의 에너지가 두 배가 된다.","램프 2개를 켜면 빛의 진동수가 두 배가 된다.","램프 개수와 빛의 세기는 관계가 없다.","1","램프를 더 많이 켜면 단위 시간 동안 들어가는 에너지의 총량이 늘어나므로 빛의 ""세기""가 커집니다. 그러나 광자 한 개의 에너지(E = hf)나 빛의 진동수는 광원의 종류로 정해진 값이라 변하지 않습니다."
"304","PHY","물리학","3","빛과 물질","1","빛의 이해","3","빛과 물질의 이중성 · 1차","","theory","ba","","광전 효과의 정의로 옳은 것은?","금속 표면이 빛을 모두 반사하는 현상","금속이 가열되어 빛을 내는 현상","금속 내부에서 전자가 움직이며 빛을 흡수하는 현상","금속 표면에 빛을 비추었을 때 전자가 튀어나오는 현상","4","광전 효과: 금속 표면에 일정 진동수 이상의 빛을 비추면 금속 표면에서 전자가 방출되는 현상입니다. (1887년 헤르츠가 발견, 1905년 아인슈타인이 광양자설로 설명)"
"305","PHY","물리학","3","빛과 물질","1","빛의 이해","3","빛과 물질의 이중성 · 1차","","theory","ba","","광전 효과에서 '광전자'의 정의로 옳은 것은?","광전 효과에 의해 금속 표면에서 튀어나온 전자","광자(빛 알갱이) 그 자체","빛에 의해 발생한 양전하 입자","빛이 가속시킨 양성자","1","광전자는 광전 효과로 금속에서 튀어나온 전자를 말합니다. 광자(빛 알갱이) 자체와는 다른 개념입니다."
"306","PHY","물리학","3","빛과 물질","1","빛의 이해","3","빛과 물질의 이중성 · 1차","","theory","ba","","광전 효과에 대한 설명으로 옳지 않은 것은?","광전자는 광전 효과로 인해 금속에서 튀어나온 전자이다.","광전 효과는 빛의 입자성을 보여주는 대표적인 현상이다.","광전 효과는 아인슈타인이 광양자설로 설명하였다.","광전 효과는 빛의 파동성으로 완전히 설명할 수 있다.","4","광전 효과는 빛을 파동으로 이해하면 설명할 수 없는 현상입니다. 빛을 입자(광자)의 흐름으로 보아야 설명 가능하며, 이것이 빛의 입자성의 증거입니다."
"307","PHY","물리학","3","빛과 물질","1","빛의 이해","3","빛과 물질의 이중성 · 1차","","theory","ba","","빛을 파동으로 생각했을 때 광전 효과에 대해 예상되는 결과로 옳은 것은?","빛의 세기가 충분히 세면 진동수에 관계없이 광전자가 방출될 것이다.","빛의 진동수가 충분히 크면 세기에 관계없이 광전자가 방출될 것이다.","광전자의 운동 에너지는 빛의 진동수에만 의존할 것이다.","광전자는 절대로 방출되지 않을 것이다.","1","파동설로 보면 빛은 연속적인 에너지 전달이므로, 충분히 센 빛을 오래 비추면 진동수에 관계없이 광전자가 나올 거라 예상됩니다. 그러나 실제 결과는 다릅니다(한계 진동수 존재)."
"308","PHY","물리학","3","빛과 물질","1","빛의 이해","3","빛과 물질의 이중성 · 1차","","theory","ba","","실제 광전 효과 실험에서, 비추는 빛의 진동수가 금속의 한계 진동수보다 작은 경우 일어나는 현상은?","광전자가 약간 방출된다.","빛의 세기가 아무리 세도 광전자가 방출되지 않는다.","광전자가 시간이 지나야 방출된다.","광전자의 운동 에너지가 매우 작아진다.","2","실제 광전 효과의 핵심 실험 결과 ①: 빛의 진동수가 금속의 한계 진동수보다 작으면, 아무리 센 빛을 비추어도 광전자가 방출되지 않습니다."
"309","PHY","물리학","3","빛과 물질","1","빛의 이해","3","빛과 물질의 이중성 · 1차","","theory","ba","","실제 광전 효과 실험에서, 비추는 빛의 진동수가 한계 진동수보다 큰 경우 빛의 세기가 매우 약하다면 어떻게 되는가?","광전자가 전혀 방출되지 않는다.","오랜 시간이 지난 후에 광전자가 방출된다.","빛의 세기가 아무리 약해도 광전자가 즉시 방출된다.","광전자의 운동 에너지가 0이 된다.","3","실제 광전 효과의 핵심 실험 결과 ②: 진동수가 한계 진동수보다 크면, 빛의 세기가 아무리 약해도 광전자가 즉시(시간 지연 없이) 방출됩니다. 파동설로는 약한 빛은 에너지 축적에 시간이 걸려야 하는데 실제는 그렇지 않습니다."
"310","PHY","물리학","3","빛과 물질","1","빛의 이해","3","빛과 물질의 이중성 · 1차","","theory","ad","","파동설이 광전 효과 실험을 설명하지 못하는 이유로 옳지 않은 것은?","파동설은 세기가 세면 시간을 들여 에너지를 축적해 광전자가 나올 거라고 예상했지만, 실제는 한계 진동수 이하에서는 아무리 세도 광전자가 나오지 않는다.","파동설은 약한 빛에서도 진동수가 크면 광전자가 즉시 나올 거라고 예상했고, 실제 실험도 그렇게 나타났다.","파동설은 광전자의 최대 운동 에너지가 빛의 세기에 의해 결정될 거라 예상했지만, 실제로는 진동수에 의해 결정된다.","광전 효과의 실험 결과들은 빛이 연속적인 파동이라는 가정과 모순된다.","2","파동설은 약한 빛이 들어오면 에너지 축적에 시간이 걸려야 한다고 예상했지만, 실제 실험은 진동수가 한계 진동수보다 크면 빛이 약해도 광전자가 즉시 방출된다는 것을 보여 줍니다. 이는 파동설의 예상과 다른 결과입니다."
"311","PHY","물리학","3","빛과 물질","1","빛의 이해","3","빛과 물질의 이중성 · 1차","","theory","ba","","광전 효과 실험에서 '한계 진동수'의 의미로 옳은 것은?","광전자가 튀어나올 수 있는 최소한의 빛의 진동수이다.","광전자가 튀어나올 수 있는 최대한의 빛의 진동수이다.","광전자의 최대 운동 에너지를 결정하는 진동수이다.","광전자의 개수를 결정하는 진동수이다.","1","한계 진동수(또는 문턱 진동수): 광전자가 방출될 수 있는 최소한의 빛의 진동수입니다. 이보다 작은 진동수에서는 아무리 센 빛을 비추어도 광전자가 나오지 않습니다."
"312","PHY","물리학","3","빛과 물질","1","빛의 이해","3","빛과 물질의 이중성 · 1차","","theory","ba","","광전 효과에서 광전자의 최대 운동 에너지를 결정하는 요인으로 옳은 것은?","빛의 세기","빛이 비춰진 시간","금속의 종류만","빛의 진동수","4","광전자의 최대 운동 에너지는 빛의 진동수가 클수록 커집니다. 빛의 세기와는 관계가 없습니다. (E_k,max = hf − W, W는 일함수)"
"313","PHY","물리학","3","빛과 물질","1","빛의 이해","3","빛과 물질의 이중성 · 1차","","theory","ba","","광전 효과에서 비추는 빛의 진동수는 그대로 두고 빛의 세기만 더 세게 했을 때 일어나는 변화로 옳은 것은?","광전자의 최대 운동 에너지가 커진다.","방출되는 광전자의 수가 많아진다.","한계 진동수가 작아진다.","광전자가 방출되지 않게 된다.","2","빛의 세기를 키우면 단위 시간당 들어가는 광자의 수가 많아지므로, 그만큼 방출되는 광전자의 수가 많아집니다. 광전자의 최대 운동 에너지는 진동수에만 의존하므로 변하지 않습니다."
"314","PHY","물리학","3","빛과 물질","1","빛의 이해","3","빛과 물질의 이중성 · 1차","","theory","ba","","한계 진동수보다 큰 진동수의 빛을 비추는 광전 효과 실험에서, 빛의 진동수를 더 크게 했을 때 일어나는 변화로 옳은 것은? (빛의 세기는 일정)","방출되는 광전자의 수만 많아진다.","광전자의 최대 운동 에너지가 커진다.","광전자가 방출되지 않게 된다.","한계 진동수가 작아진다.","2","진동수가 커지면 광자 하나의 에너지(E = hf)가 커지므로, 그에 비례해 광전자의 최대 운동 에너지도 커집니다. (E_k,max = hf − W)"
"315","PHY","물리학","3","빛과 물질","1","빛의 이해","3","빛과 물질의 이중성 · 1차","","theory","ad","","같은 금속판에 두 가지 빛 A, B를 비추는 광전 효과 실험에서, A는 한계 진동수보다 진동수가 큰 빛이고, B는 한계 진동수보다 진동수가 작은 빛이다. B의 세기를 매우 크게 했을 때 결과로 옳은 것은?","광전자가 천천히 방출된다.","광전자의 운동 에너지가 매우 커진다.","B의 세기에 관계없이 광전자가 방출되지 않는다.","B의 세기가 매우 커지면 광전자가 방출된다.","3","빛의 진동수가 한계 진동수보다 작으면 빛의 세기에 관계없이 광전자가 방출되지 않습니다. 광전 효과의 핵심 실험 결과 중 하나로, 세기는 광전자 방출 ""여부""에 영향을 주지 못합니다."
"316","PHY","물리학","3","빛과 물질","1","빛의 이해","3","빛과 물질의 이중성 · 1차","","theory","ad","","광전 효과에서 다음 중 광전자의 ""수""를 늘리는 방법은? (빛의 진동수는 한계 진동수보다 크게 유지)","빛의 진동수를 더 크게 한다.","빛의 진동수를 더 작게 한다.","금속의 일함수를 키운다.","빛의 세기를 더 세게 한다.","4","광전자의 ""수""는 빛의 세기(단위 시간당 들어오는 광자의 수)에 비례합니다. 진동수를 바꾸는 것은 광전자의 운동 에너지에 영향을 줄 뿐이고, 일함수는 금속의 고유 성질입니다."
"317","PHY","물리학","3","빛과 물질","1","빛의 이해","3","빛과 물질의 이중성 · 1차","","theory","ba","","아인슈타인의 광양자설에 대한 설명으로 옳은 것은?","빛은 오직 파동성만 가진다.","빛은 연속적인 파동이다.","빛은 입자처럼 행동하지 않는다.","빛은 광자라는 불연속적인 빛 알갱이의 흐름이다.","4","광양자설: 빛은 연속적인 파동이 아니라 광자(photon)라는 불연속적인 빛 알갱이(에너지 덩어리)의 흐름이다. 광자 하나의 에너지 E = hf 입니다."
"318","PHY","물리학","3","빛과 물질","1","빛의 이해","3","빛과 물질의 이중성 · 1차","","theory","ba","","광자의 에너지 E와 진동수 f, 플랑크 상수 h의 관계식으로 옳은 것은?","E = h / f","E = hf","E = f / h","E = h + f","2","광자 하나가 가지는 에너지는 빛의 진동수에 비례합니다. E = hf. h = 6.626 × 10⁻³⁴ J·s (플랑크 상수)."
"319","PHY","물리학","3","빛과 물질","1","빛의 이해","3","빛과 물질의 이중성 · 1차","","theory","ba","","광전 효과 실험 장치에서 금속판에서 방출된 광전자가 도달하는 곳은?","광원","스크린","양극(반대편 전극)","코일","3","광전 효과 실험에서는 빛을 비춘 금속판(음극)에서 광전자가 튀어나와 양극으로 끌려가며 회로에 전류를 흐르게 합니다. 전류계로 광전자의 수를 측정할 수 있습니다."
"320","PHY","물리학","3","빛과 물질","1","빛의 이해","3","빛과 물질의 이중성 · 1차","","theory","ba","","광전 효과에서 '일함수'에 대한 설명으로 옳은 것은?","금속에서 전자 한 개를 떼어내는 데 필요한 최소한의 에너지로, 금속의 종류에 따라 정해진다.","빛의 진동수와 같은 의미이다.","광전자의 운동 에너지와 같은 양이다.","빛의 세기를 측정하는 단위이다.","1","일함수 W는 금속 표면에서 전자 하나를 떼어내는 데 필요한 최소한의 에너지이며, 금속의 종류마다 고유한 값을 갖습니다. (W = h × 한계진동수)"
"321","PHY","물리학","3","빛과 물질","1","빛의 이해","3","빛과 물질의 이중성 · 1차","","theory","ad","","광전 효과 실험에서 광전자의 최대 운동 에너지(E_k,max), 빛의 진동수(f), 금속의 일함수(W)의 관계식으로 옳은 것은?","E_k,max = hf × W","E_k,max = W − hf","E_k,max = hf − W","E_k,max = h + f − W","3","아인슈타인의 광전 효과 식: E_k,max = hf − W. 광자의 에너지(hf) 중 일함수(W) 만큼이 전자를 떼어내는 데 쓰이고, 남은 에너지가 광전자의 최대 운동 에너지가 됩니다."
"322","PHY","물리학","3","빛과 물질","1","빛의 이해","3","빛과 물질의 이중성 · 1차","","theory","ba","","음(-)전하로 대전되어 금속박이 벌어져 있는 검전기의 아연판에 자외선을 비추었을 때 일어나는 변화로 옳은 것은? (아연의 한계 진동수가 자외선 이하라고 가정)","금속박이 더 크게 벌어진다.","금속박이 그대로 유지된다.","금속박의 색이 변한다.","금속박이 점점 오므라든다(닫힌다).","4","광전 효과로 아연판에서 광전자(음전하)가 튀어나가 검전기의 음전하가 줄어들므로, 금속박을 벌어지게 하던 척력이 약해져 금속박이 오므라듭니다."
"323","PHY","물리학","3","빛과 물질","1","빛의 이해","3","빛과 물질의 이중성 · 1차","","theory","ba","","음(-)전하로 대전된 검전기의 아연판에 가시광선(형광등 빛)을 비추었을 때 일어나는 변화로 옳은 것은?","변화가 없다(광전 효과가 일어나지 않으므로 금속박이 그대로).","금속박이 크게 벌어진다.","금속박이 천천히 오므라든다.","금속박이 빠르게 오므라든다.","1","가시광선의 진동수는 아연의 한계 진동수보다 작아 광전 효과가 일어나지 않습니다. 따라서 광전자가 방출되지 않아 금속박은 그대로 유지됩니다."
"324","PHY","물리학","3","빛과 물질","1","빛의 이해","3","빛과 물질의 이중성 · 1차","","theory","ba","","콤프턴 산란 실험에서 X선이 자유 전자와 충돌한 후 관측되는 변화로 옳은 것은?","X선의 파장이 더 길어진다.","X선의 파장이 더 짧아진다.","X선의 진동수가 더 커진다.","X선이 사라진다.","1","콤프턴 산란: X선이 자유 전자와 충돌해 에너지를 전자에 전달하면, 산란된 X선의 에너지가 감소하므로 파장이 길어지고 진동수가 작아집니다."
"325","PHY","물리학","3","빛과 물질","1","빛의 이해","3","빛과 물질의 이중성 · 1차","","theory","ba","","콤프턴 산란 실험은 무엇의 증거로 사용되는가?","빛의 파동성","전자의 입자성","빛의 입자성(광자의 운동량 보존)","물질파의 존재","3","콤프턴 산란은 X선(광자)이 마치 입자처럼 전자와 충돌·운동량 교환하는 것으로 설명되므로, 빛의 입자성의 증거가 됩니다."
"326","PHY","물리학","3","빛과 물질","1","빛의 이해","3","빛과 물질의 이중성 · 1차","","theory","ba","","빛의 파동성의 대표적인 증거에 해당하는 현상끼리 옳게 묶은 것은?","광전 효과, 콤프턴 산란","광전 효과, 회절","회절, 간섭","간섭, 광전 효과","3","빛의 파동성의 증거: 회절(작은 틈을 지날 때 휘어 들어감), 간섭(이중 슬릿 실험의 밝고 어두운 무늬). 광전 효과와 콤프턴 산란은 입자성의 증거입니다."
"327","PHY","물리학","3","빛과 물질","1","빛의 이해","3","빛과 물질의 이중성 · 1차","","theory","ba","","빛의 입자성의 대표적인 증거에 해당하는 현상으로 옳은 것은?","굴절","광전 효과","회절","간섭","2","빛의 입자성의 대표 증거는 광전 효과입니다. (콤프턴 산란도 입자성의 증거.) 굴절·회절·간섭은 파동성의 증거입니다."
"328","PHY","물리학","3","빛과 물질","1","빛의 이해","3","빛과 물질의 이중성 · 1차","","theory","ba","","빛의 이중성에 대한 설명으로 옳은 것은?","빛은 오직 파동성만 가진다.","빛은 파동성과 입자성을 모두 가지고 있는 것으로 이해된다.","빛은 오직 입자성만 가진다.","빛의 두 가지 본성 중 한 가지만 실험으로 확인된다.","2","빛은 회절·간섭에서는 파동성을, 광전 효과·콤프턴 산란에서는 입자성을 보입니다. 이처럼 빛이 두 가지 본성을 모두 가지는 것을 빛의 이중성이라 합니다."
"329","PHY","물리학","3","빛과 물질","1","빛의 이해","3","빛과 물질의 이중성 · 1차","","theory","ba","","드브로이의 물질파 개념으로 옳은 것은?","빛은 입자성만 가진다.","전자는 결코 파동성을 가지지 않는다.","전자와 같은 입자도 파동의 성질(파장)을 나타낼 수 있다.","물질파는 빛과 같은 전자기파이다.","3","드브로이는 빛이 입자성을 갖는다면, 거꾸로 전자와 같은 입자도 파동의 성질을 가질 것이라고 제안했습니다. 이 파동을 물질파라 합니다."
"330","PHY","물리학","3","빛과 물질","1","빛의 이해","3","빛과 물질의 이중성 · 1차","","theory","ba","","질량이 m, 속력이 v인 입자의 드브로이 물질파 파장 λ를 옳게 나타낸 식은? (h: 플랑크 상수)","λ = h / (mv)","λ = mv / h","λ = h × m × v","λ = mv × h","1","드브로이 물질파 파장: λ = h / mv = h / p (p는 운동량). 운동량이 클수록 파장이 짧아집니다."
"331","PHY","물리학","3","빛과 물질","1","빛의 이해","3","빛과 물질의 이중성 · 1차","","theory","ba","","드브로이 물질파에 대한 설명으로 옳은 것은?","입자의 운동량이 클수록 물질파 파장이 짧아진다.","입자의 운동량이 클수록 물질파 파장이 길어진다.","물질파는 진공에서만 존재한다.","물질파의 진동수는 입자의 질량과 같다.","1","λ = h/(mv) 에서 운동량 mv가 클수록 파장 λ가 짧아집니다. 정지 상태(v=0)에서는 파장이 무한대가 되어 의미 없습니다."
"332","PHY","물리학","3","빛과 물질","1","빛의 이해","3","빛과 물질의 이중성 · 1차","","theory","ba","","질량 m, 속력 v로 운동하는 전자의 물질파 파장이 λ이다. 같은 전자의 속력을 2배로 했을 때 물질파 파장은?","2λ","λ","4λ","λ/2","4","λ = h/(mv) 이므로 속력이 2배가 되면 분모가 2배 → 파장은 1/2배. 따라서 λ/2."
"333","PHY","물리학","3","빛과 물질","1","빛의 이해","3","빛과 물질의 이중성 · 1차","","theory","ba","","질량 m인 입자의 속력을 1/3로 줄였을 때 물질파 파장은 처음 파장 λ의 몇 배가 되는가?","3배","1/3배","9배","1/9배","1","λ ∝ 1/v 이므로 속력이 1/3로 되면 파장은 3배가 됩니다."
"334","PHY","물리학","3","빛과 물질","1","빛의 이해","3","빛과 물질의 이중성 · 1차","","theory","ad","","전자와 양성자가 같은 속력으로 운동할 때, 두 입자의 물질파 파장 비교로 옳은 것은? (양성자의 질량이 전자의 약 1836배)","양성자의 파장이 더 길다.","전자의 파장이 더 길다.","두 파장은 같다.","물질파 파장은 운동 입자에 대해 정의되지 않는다.","2","λ = h/(mv) 에서 v가 같다면 질량이 작은 전자의 파장이 더 깁니다. (전자가 양성자보다 약 1836배 긴 파장)"
"335","PHY","물리학","3","빛과 물질","1","빛의 이해","3","빛과 물질의 이중성 · 1차","","theory","ad","","전자와 야구공이 같은 운동 에너지를 가지고 움직일 때, 두 물체의 물질파 파장 비교로 옳은 것은? (야구공의 질량 ≫ 전자의 질량)","야구공의 파장이 훨씬 더 길다.","전자의 파장이 훨씬 더 길다.","두 파장이 같다.","야구공은 물질파를 가지지 않는다.","2","운동 에너지 E_k = (1/2)mv² 이 같을 때, mv = √(2mE_k). 질량이 작은 입자(전자)의 mv가 작으므로 파장 λ = h/mv 가 훨씬 깁니다. 거시 물체의 물질파 파장은 매우 짧아 관측이 어렵습니다."
"336","PHY","물리학","3","빛과 물질","1","빛의 이해","3","빛과 물질의 이중성 · 1차","","theory","ad","","드브로이 물질파에 대한 설명 중 옳지 않은 것은?","입자의 운동량이 크면 물질파 파장이 짧다.","거시 물체는 질량이 매우 커서 물질파 파장이 매우 짧다.","질량이 클수록, 속력이 클수록 물질파 파장이 길다.","원자 규모의 미시 세계에서 입자의 파동성이 더 잘 드러난다.","3","λ = h/(mv) 이므로 질량·속력이 클수록 분모가 커져 파장이 ""짧아집니다"". 그러므로 ③은 거꾸로 된 진술입니다. 거시 세계는 mv가 매우 커서 파장이 너무 짧아 파동성이 관측되지 않습니다."
"337","PHY","물리학","3","빛과 물질","1","빛의 이해","3","빛과 물질의 이중성 · 1차","","theory","ba","","전자총에서 나온 전자를 이중 슬릿에 통과시키는 실험을 했을 때 스크린에서 관측되는 결과로 옳은 것은?","전자가 전혀 도달하지 못한다.","전자가 스크린 한가운데 한 점에만 도달한다.","스크린 전체가 균일하게 밝아진다.","전자가 많이 도달한 지점과 적게 도달한 지점이 교대로 나타나는 간섭무늬가 생긴다.","4","전자도 이중 슬릿을 지날 때 빛처럼 간섭무늬를 만듭니다. 전자가 많이 도달한 지점(보강 간섭)과 적게 도달한 지점(상쇄 간섭)이 교대로 줄무늬 형태로 나타납니다."
"338","PHY","물리학","3","빛과 물질","1","빛의 이해","3","빛과 물질의 이중성 · 1차","","theory","ba","","전자의 이중 슬릿 실험으로 입증된 사실로 옳은 것은?","전자가 입자성만 가진다.","전자는 질량이 0이다.","전자도 빛처럼 파동성을 갖는다(물질파의 존재).","전자는 광자와 같다.","3","전자의 이중 슬릿 실험에서 간섭무늬가 나타난다는 것은 전자가 파동의 형태로 슬릿을 통과한다는 증거입니다. 즉 전자의 파동성(물질파)을 입증합니다."
"339","PHY","물리학","3","빛과 물질","1","빛의 이해","3","빛과 물질의 이중성 · 1차","","theory","ad","","입자의 이중성에 대한 설명으로 옳은 것은?","전자만 파동성을 갖고 양성자나 중성자는 갖지 않는다.","물질파의 파장은 항상 매우 길어 거시 세계에서도 잘 관측된다.","전자뿐 아니라 양성자, 중성자 등의 물질도 파동성을 가져 입자성과 파동성을 모두 갖는다.","물질의 이중성은 빛에만 적용된다.","3","전자뿐 아니라 양성자·중성자도 파동성을 갖는 것이 실험으로 확인되었습니다. 이처럼 물질이 입자성과 파동성을 모두 가지는 것을 물질의 이중성이라 합니다. 다만 거시 세계에서는 물질파 파장이 너무 짧아 관측이 어렵습니다."
"340","PHY","물리학","3","빛과 물질","1","빛의 이해","3","빛과 물질의 이중성 · 2차","","theory","ba","","광전 효과에 대한 설명으로 옳은 것은?","빛이 금속 표면에서 반사되는 현상이다.","금속 표면에 빛을 비추었을 때 전자(광전자)가 튀어나오는 현상이다.","금속이 빛에 의해 가열되는 현상이다.","금속 안의 전자가 광자로 바뀌는 현상이다.","2","광전 효과는 금속 표면에 일정 진동수 이상의 빛을 비추면 전자(광전자)가 방출되는 현상입니다. 빛의 입자성을 보여주는 대표 현상."
"341","PHY","물리학","3","빛과 물질","1","빛의 이해","3","빛과 물질의 이중성 · 2차","","theory","ba","","빛의 이중성에 대한 설명으로 옳은 것은?","빛은 파동성만 가지고 있다.","빛은 파동성과 입자성을 모두 가지고 있다.","빛은 입자성만 가지고 있다.","빛은 매질이 있어야만 진행한다.","2","빛은 회절·간섭(파동성)과 광전 효과·콤프턴 산란(입자성) 두 본성을 모두 보입니다. 이것이 빛의 이중성입니다."
"342","PHY","물리학","3","빛과 물질","1","빛의 이해","3","빛과 물질의 이중성 · 2차","","theory","ba","","빛의 종류와 한 광자의 에너지 비교로 옳은 것은?","가시광선이 자외선보다 광자 에너지가 크다.","자외선이 가시광선보다 광자 에너지가 크다.","적외선이 자외선보다 광자 에너지가 크다.","어떤 빛이든 광자 에너지는 같다.","2","E = hf 이므로 진동수가 큰 빛일수록 한 광자의 에너지가 큽니다. 진동수 순: 적외선 < 가시광선 < 자외선 < 감마선."
"343","PHY","물리학","3","빛과 물질","1","빛의 이해","3","빛과 물질의 이중성 · 2차","","theory","ba","","빛을 파동이라고만 생각하면, 빛의 세기를 충분히 강하게 했을 때 진동수에 관계없이 광전자가 방출될 거라 예상된다. 그러나 실제 광전 효과 실험에서 진동수가 한계 진동수보다 작을 때 일어나는 일은?","광전자가 천천히 방출된다.","광전자의 에너지가 매우 작다.","빛의 세기가 아무리 세도 광전자가 방출되지 않는다.","광전자가 다시 금속으로 돌아간다.","3","실제 결과: 한계 진동수보다 작은 진동수의 빛은 아무리 세기가 세도 광전자가 방출되지 않습니다. 이는 파동설의 예상과 모순됩니다."
"344","PHY","물리학","3","빛과 물질","1","빛의 이해","3","빛과 물질의 이중성 · 2차","","theory","ba","","파동설의 예상에 따르면, 빛의 세기가 약하면 광전자가 방출되기 전 에너지가 축적될 시간이 필요할 것이다. 그러나 실제 실험에서 한계 진동수보다 큰 진동수의 약한 빛을 비추었을 때 일어나는 일은?","오랜 시간 후 광전자가 방출된다.","광전자가 점점 천천히 방출된다.","광전자의 운동 에너지가 0이 된다.","광전자가 즉시(시간 지연 없이) 방출된다.","4","실제 결과: 진동수가 한계 진동수보다 크면 빛의 세기가 아무리 약해도 시간 지연 없이 즉시 광전자가 방출됩니다. 이는 파동설의 예상과 모순됩니다."
"345","PHY","물리학","3","빛과 물질","1","빛의 이해","3","빛과 물질의 이중성 · 2차","","theory","ba","","파동설은 빛의 세기가 셀수록 광전자의 운동 에너지가 커진다고 예상한다. 그러나 실제 광전 효과 실험에서 광전자의 최대 운동 에너지를 결정하는 요인은?","빛의 세기","빛의 진동수","빛이 비춰진 시간","광원과의 거리","2","실제 결과: 광전자의 최대 운동 에너지는 빛의 ""진동수""에 의해 결정되고, 빛의 세기와는 관계가 없습니다. 이도 파동설의 예상과 다른 결과입니다."
"346","PHY","물리학","3","빛과 물질","1","빛의 이해","3","빛과 물질의 이중성 · 2차","","theory","ba","","파동설이 광전 효과의 실험 결과 중 설명할 수 있는 것은?","한계 진동수 이하에서 광전자가 방출되지 않는 것","광전자가 시간 지연 없이 즉시 방출되는 것","(어떤 결과도 파동설로는 잘 설명되지 않는다.)","광전자의 최대 운동 에너지가 진동수에만 의존하는 것","3","파동설은 광전 효과의 세 가지 핵심 결과(한계 진동수 존재, 즉시 방출, 운동 E vs 진동수 의존)를 모두 설명하지 못합니다. 광양자설로만 설명 가능."
"347","PHY","물리학","3","빛과 물질","1","빛의 이해","3","빛과 물질의 이중성 · 2차","","theory","ba","","광전 효과 실험에서 ""한계 진동수""의 의미로 옳은 것은?","광전자가 방출될 수 있는 최소한의 빛의 진동수이다.","광전자의 최대 진동수이다.","광전자가 가질 수 있는 최대 운동 에너지이다.","방출되는 광전자 수의 한계이다.","1","한계 진동수(문턱 진동수): 광전자가 방출되기 위해 빛이 가져야 하는 최소한의 진동수입니다. 금속의 종류에 따라 정해집니다."
"348","PHY","물리학","3","빛과 물질","1","빛의 이해","3","빛과 물질의 이중성 · 2차","","theory","ba","","광전 효과 실험에서 비추는 빛의 ""진동수""는 그대로 두고, 빛의 ""세기""만 더 세게 했을 때 변화로 옳은 것은? (진동수 > 한계 진동수)","광전자의 최대 운동 에너지가 커진다.","광전자가 방출되지 않게 된다.","한계 진동수가 작아진다.","방출되는 광전자의 수가 많아진다.","4","빛의 세기 ↑ → 단위 시간당 광자 수 ↑ → 광전자 수 ↑. 운동 에너지는 진동수에만 의존하므로 변하지 않습니다."
"349","PHY","물리학","3","빛과 물질","1","빛의 이해","3","빛과 물질의 이중성 · 2차","","theory","ba","","광전 효과 실험에서 빛의 ""세기""는 일정하게 유지하면서 빛의 ""진동수""만 더 크게 했을 때 변화로 옳은 것은? (한계 진동수보다 크게 유지)","방출되는 광전자의 수가 많아진다.","광전자의 최대 운동 에너지가 커진다.","광전자가 방출되지 않게 된다.","광전자가 천천히 방출된다.","2","진동수 ↑ → 광자 1개의 에너지 hf ↑ → 광전자의 최대 운동 에너지 ↑. 광전자의 수는 빛의 세기에 의해 결정되므로 변하지 않습니다."
"350","PHY","물리학","3","빛과 물질","1","빛의 이해","3","빛과 물질의 이중성 · 2차","","theory","ad","","광전 효과 실험에서, 같은 금속판에 빛 A와 빛 B를 비추는 경우 다음 중 어떤 빛이 광전자를 더 ""많이"" 방출시키는가? (A: 진동수 큰 약한 빛, B: 진동수 같은 매우 센 빛)","빛 A","빛 B","둘 다 같다.","빛 A는 광전자를 방출시키지 못한다.","2","같은 진동수에서는 세기가 클수록 광전자의 수가 많아집니다. 따라서 더 센 빛 B가 광전자를 더 많이 방출시킵니다. (단, 빛의 진동수가 한계 진동수보다 큰 경우)"
"351","PHY","물리학","3","빛과 물질","1","빛의 이해","3","빛과 물질의 이중성 · 2차","","theory","ad","","광전 효과 실험에서, 다음 중 광전자의 ""최대 운동 에너지""가 더 큰 경우는? (같은 금속판, 진동수는 모두 한계 진동수 이상)","진동수가 큰 빛을 비춘 경우","진동수가 작은 빛을 비춘 경우(세기는 매우 강함)","약한 빛을 오래 비춘 경우","어떤 경우에도 같다.","1","광전자의 최대 운동 에너지는 ""진동수에만"" 의존합니다(E_k,max = hf − W). 세기를 강하게 하거나 오래 비춰도 무관."
"352","PHY","물리학","3","빛과 물질","1","빛의 이해","3","빛과 물질의 이중성 · 2차","","theory","ad","","광전 효과 실험에서 한계 진동수가 매우 큰 금속(예: 일함수가 큰 금속)이 있다. 이 금속에서 광전 효과를 일으키려면 어떻게 해야 하는가?","빛의 세기를 매우 크게 한다.","진동수가 충분히 큰 빛(예: 자외선)을 비춘다.","빛을 오래 비춘다.","광원과 금속을 가깝게 한다.","2","광전 효과는 빛의 ""진동수""에 의해 일어남이 결정됩니다. 한계 진동수가 큰 금속에 광전 효과를 일으키려면 자외선처럼 진동수가 충분히 큰 빛을 비춰야 합니다."
"353","PHY","물리학","3","빛과 물질","1","빛의 이해","3","빛과 물질의 이중성 · 2차","","theory","ba","","진동수 f인 빛의 광자 한 개가 가지는 에너지를 옳게 나타낸 식은? (h: 플랑크 상수)","E = hf","E = h/f","E = f/h","E = h + f","1","한 광자의 에너지: E = hf. 진동수가 클수록 광자 한 개의 에너지가 크고, h = 6.626 × 10⁻³⁴ J·s 입니다."
"354","PHY","물리학","3","빛과 물질","1","빛의 이해","3","빛과 물질의 이중성 · 2차","","theory","ba","","진동수 f인 단색광이 광자 N개로 이루어져 있다고 할 때, 전체 빛의 에너지로 옳은 것은?","Nhf","hf/N","h × N + f","hf − N","1","광자 한 개의 에너지가 hf이므로, N개 광자의 총 에너지는 Nhf입니다. 빛의 세기는 단위 시간당 도달하는 광자 수(N)에 비례."
"355","PHY","물리학","3","빛과 물질","1","빛의 이해","3","빛과 물질의 이중성 · 2차","","theory","ba","","일함수 W의 정의로 옳은 것은?","광자 한 개의 에너지","광전자의 최대 운동 에너지","금속에서 전자 한 개를 떼어내는 데 필요한 최소한의 에너지","방출된 전자가 가지는 평균 운동 에너지","3","일함수 W는 금속 표면에서 전자 하나를 떼어내는 데 필요한 최소한의 에너지입니다. 금속의 종류마다 고유한 값을 가집니다."
"356","PHY","물리학","3","빛과 물질","1","빛의 이해","3","빛과 물질의 이중성 · 2차","","theory","ba","","광전 효과 식 E_k,max = hf − W 에서 광전자의 최대 운동 에너지가 0이 되는 조건은?","빛의 진동수가 한계 진동수와 같을 때","빛의 세기가 0일 때","광자의 에너지가 일함수의 두 배일 때","빛의 진동수가 매우 클 때","1","E_k,max = hf − W = 0 이려면 hf = W. 이때 진동수 f가 바로 한계 진동수입니다(W = h × f_한계). 한계 진동수에서 광전자는 운동 에너지 0으로 간신히 빠져나옵니다."
"357","PHY","물리학","3","빛과 물질","1","빛의 이해","3","빛과 물질의 이중성 · 2차","","theory","ad","","같은 빛을 일함수가 다른 두 금속에 비추는 광전 효과 실험에서, 일함수가 작은 금속의 광전자가 큰 금속에 비해 갖는 특징은? (둘 다 한계 진동수 이상)","광전자의 최대 운동 에너지가 더 크다.","광전자가 방출되지 않는다.","광전자의 진동수가 더 크다.","광전자의 질량이 더 크다.","1","E_k,max = hf − W. 같은 빛(같은 hf)에서 W가 작은 금속의 광전자가 더 큰 운동 에너지를 갖습니다."
"358","PHY","물리학","3","빛과 물질","1","빛의 이해","3","빛과 물질의 이중성 · 2차","","theory","ba","","질량 m, 속력 v인 입자의 드브로이 물질파 파장을 옳게 나타낸 것은? (h: 플랑크 상수)","λ = h / (mv)","λ = mv / h","λ = hmv","λ = h + mv","1","드브로이 물질파 파장: λ = h/(mv) = h/p (p는 운동량). 운동량이 클수록 파장이 짧아집니다."
"359","PHY","물리학","3","빛과 물질","1","빛의 이해","3","빛과 물질의 이중성 · 2차","","theory","ba","","질량 m인 어떤 입자의 속력을 4배로 했을 때, 물질파 파장은 처음 파장 λ의 몇 배가 되는가?","4배","1/4배","16배","1/16배","2","λ = h/(mv) 이므로 v가 4배 → 분모 4배 → 파장은 1/4배."
"360","PHY","물리학","3","빛과 물질","1","빛의 이해","3","빛과 물질의 이중성 · 2차","","theory","ad","","질량 m인 어떤 입자의 운동량을 1/2로 줄였을 때, 물질파 파장의 변화로 옳은 것은?","1/2배가 된다.","변화하지 않는다.","2배가 된다.","4배가 된다.","3","λ = h/p 이므로 운동량 p가 1/2 → 파장은 2배. (운동량과 파장은 역수 관계)"
"361","PHY","물리학","3","빛과 물질","1","빛의 이해","3","빛과 물질의 이중성 · 2차","","theory","ba","","두 입자 A, B가 있다. A의 질량은 B의 2배이고, A와 B의 속력은 같다. 두 입자의 물질파 파장 비교로 옳은 것은?","A의 파장이 더 길다.","A와 B의 파장이 같다.","B의 파장이 더 길다.","B는 물질파를 가지지 않는다.","3","λ = h/(mv) 이고 v가 같으므로 질량이 작은 B의 파장이 더 깁니다. (A의 m이 2배 → A의 파장은 B의 1/2)"
"362","PHY","물리학","3","빛과 물질","1","빛의 이해","3","빛과 물질의 이중성 · 2차","","theory","ad","","같은 속력으로 운동하는 전자와 양성자의 물질파 파장 비교로 옳은 것은?","전자의 물질파 파장이 더 길다.","양성자의 물질파 파장이 더 길다.","두 입자의 파장이 같다.","양성자에는 물질파가 정의되지 않는다.","1","양성자의 질량이 전자보다 훨씬 크므로(약 1836배), λ = h/(mv)에서 같은 v라면 질량이 작은 전자의 파장이 훨씬 깁니다."
"363","PHY","물리학","3","빛과 물질","1","빛의 이해","3","빛과 물질의 이중성 · 2차","","theory","ba","","데이비슨-거머 실험에 대한 설명으로 옳은 것은?","빛을 이용해 굴절을 관측한 실험이다.","X선이 입자임을 증명한 실험이다.","전자를 결정 표면에 입사시켜 회절 무늬를 관측함으로써 전자의 파동성을 입증한 실험이다.","전자의 질량을 측정한 실험이다.","3","데이비슨-거머 실험: 전자를 니켈 결정에 입사시켜 회절 무늬를 관측, 전자의 파동성(물질파)을 실험으로 증명했습니다."
"364","PHY","물리학","3","빛과 물질","1","빛의 이해","3","빛과 물질의 이중성 · 2차","","theory","ba","","톰슨의 전자선 회절 실험은 전자를 알루미늄 박막에 쏘아 회절 무늬를 관찰한 실험이다. 이때 같은 박막에 X선을 쏘았더니 같은 형태의 회절 무늬가 나타났다. 이 결과의 의미로 옳은 것은?","전자가 X선과 같이 회절·간섭을 일으키는 파동의 성질을 가진다.","X선이 입자성을 보인다.","전자가 입자성만 보인다.","전자가 X선보다 가벼움이 증명된다.","1","X선(파동)과 전자가 같은 회절 무늬를 보이는 것은 전자도 파동의 성질을 갖는다는 강력한 증거입니다. 즉 물질의 파동성을 보여줍니다."
"365","PHY","물리학","3","빛과 물질","1","빛의 이해","3","빛과 물질의 이중성 · 2차","","theory","ba","","전자의 이중 슬릿 실험에서 스크린에 나타나는 무늬로 옳은 것은?","균일한 밝기의 한 점","전자가 도달하지 못해 어둠","전자가 많이 도달한 지점과 적은 지점이 교대로 나타나는 간섭무늬","스크린 전체가 균일하게 밝아짐","3","전자도 파동처럼 이중 슬릿을 통과해 간섭을 일으키므로, 빛의 이중 슬릿 실험과 비슷한 밝고 어두운 간섭무늬가 나타납니다."
"366","PHY","물리학","3","빛과 물질","1","빛의 이해","3","빛과 물질의 이중성 · 2차","","theory","ba","","광학 현미경과 전자 현미경의 가장 큰 차이로 옳은 것은?","광학 현미경은 빛, 전자 현미경은 음파를 사용한다.","광학 현미경은 자기렌즈, 전자 현미경은 볼록 렌즈를 사용한다.","전자 현미경은 색상을 그대로 볼 수 있고, 광학 현미경은 흑백만 볼 수 있다.","광학 현미경은 가시광선을, 전자 현미경은 전자의 물질파를 이용한다.","4","광학 현미경은 가시광선(파동)을 이용하고, 전자 현미경은 전자의 물질파를 이용합니다. 전자의 물질파 파장은 가시광선보다 훨씬 짧아 더 작은 물체까지 관찰할 수 있습니다."
"367","PHY","물리학","3","빛과 물질","1","빛의 이해","3","빛과 물질의 이중성 · 2차","","theory","ba","","광학 현미경으로는 관찰하기 어려운 작은 물체(예: 바이러스, 미토콘드리아)를 전자 현미경으로는 관찰할 수 있는 이유로 옳은 것은?","전자 현미경의 빛이 더 밝기 때문이다.","전자 현미경이 더 큰 배율을 가지기 때문이다(다른 이유는 없다).","광학 현미경은 색을 구별하지 못하기 때문이다.","전자의 물질파 파장이 가시광선의 파장보다 훨씬 짧기 때문이다.","4","현미경에서 물체의 크기보다 사용하는 파동의 파장이 길면 상이 흐려져 관측이 어렵습니다. 전자의 물질파 파장은 가시광선보다 훨씬 짧아 더 작은 구조까지 선명하게 관찰 가능합니다."
"368","PHY","물리학","3","빛과 물질","1","빛의 이해","3","빛과 물질의 이중성 · 2차","","theory","ba","","전자 현미경에서 전자선을 한 점으로 모으는 장치는?","볼록 렌즈","프리즘","자기렌즈(코일로 만든 전자석)","오목 거울","3","전자 현미경에서는 광학 현미경의 볼록 렌즈 대신 자기렌즈(자기장)를 사용해 전자선의 경로를 휘게 하여 좁은 한 점에 모읍니다."
"369","PHY","물리학","3","빛과 물질","1","빛의 이해","3","빛과 물질의 이중성 · 2차","","theory","ba","","투과 전자 현미경(TEM, Transmission Electron Microscope)의 작동 원리로 옳은 것은?","전자선을 얇은 시료에 투과시켜, 시료의 2차원 내부 구조를 관찰한다.","전자선을 시료 표면을 따라 주사하며 표면을 관측한다.","X선을 시료에 통과시켜 굴절시킨다.","빛을 시료에 비추어 형광을 측정한다.","1","투과 전자 현미경(TEM)은 전자선을 얇은 시료에 ""투과""시켜 스크린에 형성된 시료의 2차원 내부 구조를 관찰합니다."
"370","PHY","물리학","3","빛과 물질","1","빛의 이해","3","빛과 물질의 이중성 · 2차","","theory","ba","","주사 전자 현미경(SEM, Scanning Electron Microscope)의 작동 원리로 옳은 것은?","전자선을 시료에 투과시켜 얻는 2차원 그림자 이미지를 관찰한다.","X선을 시료에 통과시켜 굴절시킨다.","전자선을 시료의 표면을 따라 주사할 때 튀어나온 전자를 관측하여 시료의 입체적인 3차원 표면 구조를 본다.","광학 현미경과 동일하게 빛을 이용한다.","3","주사 전자 현미경(SEM)은 전자선을 시료 표면을 ""주사(스캔)""하면서 시료 표면에서 튀어나온 전자를 검출기로 받아, 시료의 3차원 입체 표면 구조를 봅니다."
"371","PHY","물리학","3","빛과 물질","1","빛의 이해","3","빛과 물질의 이중성 · 2차","","theory","ba","","투과 전자 현미경(TEM)과 주사 전자 현미경(SEM)으로 얻을 수 있는 이미지의 차이로 옳은 것은?","TEM은 표면, SEM은 내부 구조를 본다.","둘 다 똑같은 2차원 평면 이미지만 본다.","TEM은 시료의 2차원 내부 구조를, SEM은 시료의 3차원 표면 구조를 본다.","TEM은 색을 그대로 보고, SEM은 흑백만 본다.","3","TEM은 시료를 ""통과한"" 전자선으로 시료의 2차원 내부 구조를, SEM은 시료 ""표면""에서 튀어나온 전자로 3차원 표면 구조를 보여줍니다. 핵심 차이!"
"372","PHY","물리학","3","빛과 물질","1","빛의 이해","3","빛과 물질의 이중성 · 2차","","theory","ad","","세포 내부의 세포소기관(예: 미토콘드리아) 구조를 자세히 관찰하려고 한다. 가장 적합한 현미경은?","투과 전자 현미경(TEM)","주사 전자 현미경(SEM)","광학 현미경","굴절 망원경","1","세포 ""내부"" 구조를 보려면 시료를 얇게 만들어 전자선을 ""투과""시켜야 합니다. 따라서 TEM이 적합합니다. (시료의 2차원 내부 구조)"
"373","PHY","물리학","3","빛과 물질","1","빛의 이해","3","빛과 물질의 이중성 · 2차","","theory","ad","","곤충의 눈이나 꽃가루 같은 시료의 입체적인 표면 모습을 자세히 관찰하려고 한다. 가장 적합한 현미경은?","광학 현미경","투과 전자 현미경(TEM)","주사 전자 현미경(SEM)","굴절 망원경","3","""표면""의 입체적인 모습을 보려면 표면을 주사하며 튀어나온 전자를 측정하는 SEM이 적합합니다. (3차원 표면 구조 관찰)"
"374","PHY","물리학","3","빛과 물질","1","빛의 이해","3","빛과 물질의 이중성 · 2차","","theory","ba","","전자 현미경에서 사용하는 전자의 속력을 빠르게 하면 전자의 물질파 파장은 어떻게 되며, 분해능은 어떻게 향상되는가?","파장이 길어지고 분해능이 향상된다.","파장이 길어지고 분해능이 떨어진다.","파장이 짧아지고 분해능이 떨어진다.","파장이 짧아지고 분해능이 향상된다.","4","λ = h/(mv) 이므로 속력이 빠르면 파장이 짧아집니다. 분해능은 사용하는 파동의 파장이 짧을수록 향상되므로, 더 작은 물체까지 선명하게 관찰 가능합니다."
"375","PHY","물리학","3","빛과 물질","1","빛의 이해","3","빛과 물질의 이중성 · 2차","","theory","ba","","파동의 회절과 분해능에 대한 설명으로 옳은 것은?","파장이 짧을수록 회절이 잘 일어나, 작은 물체일수록 또렷이 보인다.","파장이 짧을수록 회절이 적게 일어나 분해능이 향상된다.","파장이 길수록 회절이 적게 일어나 분해능이 향상된다.","회절과 분해능은 서로 관련이 없다.","2","회절은 파장이 길수록 잘 일어나, 작은 구조가 흐려져 분해능이 떨어집니다. 따라서 파장이 짧은 파동을 쓸수록 회절이 적어 분해능이 향상됩니다. (전자 현미경이 광학 현미경보다 분해능이 높은 이유)"
"376","PHY","물리학","3","빛과 물질","1","빛의 이해","3","빛과 물질의 이중성 · 2차","","theory","ba","","디지털카메라의 이미지 센서가 빛 신호를 전기 신호로 바꾸는 원리로 옳은 것은?","빛의 회절","빛의 굴절","빛의 간섭","빛의 입자성(광전 효과)","4","이미지 센서는 광전 효과를 이용합니다. 광센서에 들어온 광자가 광전자를 방출시키고, 광자의 수에 비례하는 광전자가 전기 신호로 변환됩니다."
"377","PHY","물리학","3","빛과 물질","1","빛의 이해","3","빛과 물질의 이중성 · 2차","","theory","ba","","디지털카메라 이미지 센서의 RGB 컬러 필터가 필요한 이유로 옳은 것은?","광센서가 빛의 세기뿐 아니라 색까지 자동으로 측정하기 때문에","빛의 진동수를 측정하기 위해서","광센서가 빛의 세기만 측정할 수 있어서 색을 구별하려면 빨강·초록·파랑 빛만 통과시키는 필터가 필요해서","광전자의 수를 줄이기 위해서","3","광센서는 빛의 세기만 측정합니다. 색을 구분하려면 빨간색·초록색·파란색 필터를 광센서에 배열하여 각 광센서가 그 색의 빛만 통과시킨 세기를 측정하게 합니다."
"378","PHY","물리학","3","빛과 물질","1","빛의 이해","3","빛과 물질의 이중성 · 2차","","theory","ba","","디지털카메라 이미지 센서의 영어 이름으로 가장 널리 알려진 것은?","LED (Light Emitting Diode)","LCD (Liquid Crystal Display)","DPI (Dots Per Inch)","CCD (Charge Coupled Device, 전하 결합 소자)","4","CCD(Charge Coupled Device, 전하 결합 소자)가 대표적인 이미지 센서입니다. 빛 → 광전자 → 전하 → 전기 신호로 변환합니다. (다른 종류로는 CMOS 센서도 있음)"
"379","PHY","물리학","3","빛과 물질","2","물질의 이해","1","에너지 준위","","theory","ba","","러더퍼드(Rutherford) 원자 모형의 한계점으로 옳은 것만을 보기에서 모두 고른 것은? [보기] ㄱ. 원자핵의 존재를 발견하지 못했다. ㄴ. 가속하는 전하가 에너지를 잃고 원자핵으로 추락하는 문제를 해결하지 못했다. ㄷ. 선 스펙트럼의 불연속성을 설명하지 못했다.","ㄱ","ㄴ","ㄱ, ㄷ","ㄴ, ㄷ","4","러더퍼드는 원자핵을 발견했으나 원자의 안정성과 선 스펙트럼을 설명하지 못했습니다."
"380","PHY","물리학","3","빛과 물질","2","물질의 이해","1","에너지 준위","","theory","ba","","보어(Bohr)의 원자 모형에 대한 설명으로 옳은 것만을 보기에서 모두 고른 것은? [보기] ㄱ. 전자는 특정한 궤도에서만 원운동 한다. ㄴ. '에너지의 양자화'란 에너지가 불연속적인 값만을 가짐을 의미한다. ㄷ. 높은 궤도에서 낮은 궤도로 전이할 때 광자를 흡수한다.","ㄱ","ㄴ","ㄱ, ㄴ","ㄴ, ㄷ","3","높은 곳에서 낮은 곳으로 전이할 때는 에너지를 방출해야 합니다."
"381","PHY","물리학","3","빛과 물질","2","물질의 이해","1","에너지 준위","","theory","ba","","수소 원자의 전자가 n=2에서 n=1로 전이할 때 방출되는 광자의 에너지는?","E2 - E1","E1 - E2","E2 + E1","E1 / E2","1","방출되는 광자의 에너지는 전이 전후 두 에너지 준위의 차와 같습니다."
"382","PHY","물리학","3","빛과 물질","2","물질의 이해","1","에너지 준위","","theory","ba","","수소 원자 스펙트럼에서 발머(Balmer) 계열에 해당하는 전이는?","어느 궤도에서든 n=1로 전이","어느 궤도에서든 n=2로 전이","어느 궤도에서든 n=3로 전이","n=2에서 n=3으로 전이","2","발머 계열은 가시광선 영역으로 n=2인 궤도로 떨어질 때 나타납니다."
"383","PHY","물리학","3","빛과 물질","2","물질의 이해","1","에너지 준위","","theory","ba","","보어 모델 이후에 현대의 원자 모형으로 적절한 설명은?","전자는 일정한 궤도를 따라 원운동 한다.","전자가 발견될 확률을 계산하여 구름 형태로 나타낸다.","전자는 원자핵 내부에서 진동 운동을 한다.","원자 내 전자의 에너지는 연속적이다.","2","현대 모형은 전자의 위치를 확률로 나타내는 전자 구름 모형을 사용합니다."
"384","PHY","물리학","3","빛과 물질","2","물질의 이해","1","에너지 준위","","theory","ba","","저온의 기체를 통과한 백색광을 관찰할 때 나타나는 스펙트럼은?","연속 스펙트럼","방출 스펙트럼","흡수 스펙트럼","암흑 스펙트럼","3","저온 기체가 특정 파장을 흡수하여 연속 바탕에 검은 선이 나타납니다."
"385","PHY","물리학","3","빛과 물질","2","물질의 이해","1","에너지 준위","","theory","ba","","광자의 에너지 E와 진동수 f, 플랑크 상수 h의 관계식으로 옳은 것은?","E = h / f","E = f / h","E = hf","E = h + f","3","광자의 에너지는 진동수에 비례하며 E=hf로 나타냅니다."
"386","PHY","물리학","3","빛과 물질","2","물질의 이해","1","에너지 준위","","theory","ba","","보어 모형이 다전자 원자를 설명하지 못한 주된 이유는?","원자핵이 너무 무거워서","전자 사이의 전기적 상호작용을 고려하지 못해서","중력이 너무 강해서","전자가 너무 많아서","2","전자가 여러 개인 경우 전자 간의 반발력을 보어 식으로는 계산할 수 없습니다."
"387","PHY","물리학","3","빛과 물질","2","물질의 이해","1","에너지 준위","","theory","ba","","태양이나 백열등에서 관찰되는 스펙트럼의 종류는?","연속 스펙트럼","흡수 스펙트럼","선 스펙트럼","방전 스펙트럼","1","고온의 고체나 밀도가 높은 광원은 모든 파장의 빛을 냅니다."
"388","PHY","물리학","3","빛과 물질","2","물질의 이해","1","에너지 준위","","theory","ba","","기체 방전관에서 나오는 빛을 관찰할 때 검은 배경에 밝은 선으로 나타나는 것은?","연속 스펙트럼","흡수 스펙트럼","선 스펙트럼","백색 스펙트럼","3","특정 에너지 준위 차에 해당하는 파장만 방출되므로 선 형태로 나타납니다."
"389","PHY","물리학","3","빛과 물질","2","물질의 이해","1","에너지 준위","","theory","ba","","러더퍼드 원자 모형에서 전자가 원자핵 주위를 도는 원운동이 가능한 이유는?","핵과 전자 사이의 만유인력이 구심력 역할을 한다.","핵과 전자 사이의 전기력이 구심력 역할을 한다.","전자의 관성이 구심력 역할을 한다.","핵의 자기력이 구심력 역할을 한다.","2","양전하 핵과 음전하 전자 사이의 전기적 인력이 구심력을 제공합니다."
"390","PHY","물리학","3","빛과 물질","2","물질의 이해","1","에너지 준위","","theory","ba","","러더퍼드 모형에서 가속 운동하는 전자가 원자핵으로 추락한다고 예측되는 이유는?","전자가 질량을 잃기 때문에","가속 운동하는 전하는 전자기파를 방출하며 에너지를 잃기 때문에","핵의 인력이 점점 강해지기 때문에","전자의 속도가 점점 빨라지기 때문에","2","가속하는 전하는 전자기파를 방출하므로 에너지를 잃고 나선형으로 핵에 추락합니다."
"391","PHY","물리학","3","빛과 물질","2","물질의 이해","1","에너지 준위","","theory","ba","","보어 원자 모형에서 양자수 n에 대한 설명으로 옳은 것은?","n은 전자의 질량을 나타낸다.","n은 전자의 속도를 나타낸다.","n은 전자가 존재할 수 있는 궤도를 구분하는 정수이다.","n은 원자핵의 전하량을 나타낸다.","3","n=1, 2, 3 …의 정수 값으로 허용된 궤도(에너지 준위)를 구분합니다."
"392","PHY","물리학","3","빛과 물질","2","물질의 이해","1","에너지 준위","","theory","ba","","보어 모형에서 수소 원자의 바닥상태에 해당하는 양자수는?","n = 0","n = 1","n = 2","n = ∞","2","가장 안쪽 궤도이자 에너지가 가장 낮은 상태가 바닥상태(n=1)입니다."
"393","PHY","물리학","3","빛과 물질","2","물질의 이해","1","에너지 준위","","theory","ba","","수소 원자에서 전자가 낮은 에너지 준위에서 높은 에너지 준위로 전이할 때 일어나는 일은?","광자를 방출한다.","광자를 흡수한다.","에너지를 잃는다.","변화가 없다.","2","위로 올라갈 때는 두 준위의 에너지 차이만큼의 광자를 흡수해야 합니다."
"394","PHY","물리학","3","빛과 물질","2","물질의 이해","1","에너지 준위","","theory","ba","","수소 원자 스펙트럼에서 라이먼(Lyman) 계열에 해당하는 전이는?","어느 궤도에서든 n=1로 전이","어느 궤도에서든 n=2로 전이","어느 궤도에서든 n=3로 전이","n=1에서 n=2로 전이","1","라이먼 계열은 자외선 영역으로 n=1인 궤도로 떨어질 때 나타납니다."
"395","PHY","물리학","3","빛과 물질","2","물질의 이해","1","에너지 준위","","theory","ba","","수소 원자 스펙트럼에서 파셴(Paschen) 계열에 해당하는 전이는?","어느 궤도에서든 n=1로 전이","어느 궤도에서든 n=2로 전이","어느 궤도에서든 n=3로 전이","어느 궤도에서든 n=4로 전이","3","파셴 계열은 적외선 영역으로 n=3인 궤도로 떨어질 때 나타납니다."
"396","PHY","물리학","3","빛과 물질","2","물질의 이해","1","에너지 준위","","theory","ba","","보어 모형에서 전자가 n=3에서 n=2로 전이할 때 방출되는 광자의 진동수 f는? (E_n은 n번째 준위의 에너지, h는 플랑크 상수)","f = (E₃ - E₂) / h","f = (E₂ - E₃) / h","f = h(E₃ - E₂)","f = h / (E₃ - E₂)","1","E = hf 식에서 광자 에너지는 두 준위의 차이이므로 f = (E₃ - E₂) / h 입니다."
"397","PHY","물리학","3","빛과 물질","2","물질의 이해","1","에너지 준위","","theory","ba","","현대 원자 모형(전자 구름 모형)이 보어 모형과 가장 크게 다른 점은?","원자핵이 존재하지 않는다.","전자의 위치를 정확히 예측할 수 없고 발견 확률로 나타낸다.","전자의 에너지가 연속적이다.","전자가 원자핵 안에 존재한다.","2","현대 모형에서 전자는 정해진 궤도가 아닌 확률 분포(전자 구름)로 표현됩니다."
"398","PHY","물리학","3","빛과 물질","2","물질의 이해","1","에너지 준위","","theory","ba","","다음 중 흡수 스펙트럼이 관찰되는 상황으로 옳은 것은?","고온의 고체에서 나오는 빛을 그대로 분광기로 본다.","백색광이 저온의 기체를 통과한 뒤 분광기로 본다.","저온의 기체에서 나오는 빛을 분광기로 본다.","빛이 없는 상태를 분광기로 본다.","2","연속 스펙트럼 광원이 저온 기체를 지날 때 특정 파장이 흡수되어 검은 선이 나타납니다."
"399","PHY","물리학","3","빛과 물질","2","물질의 이해","2","에너지띠와 반도체","","theory","ba","","고체에서 에너지 준위가 미세하게 갈라져 '에너지띠'를 형성하는 원리는?","원자의 핵융합","인접한 원자들 간의 에너지 준위 겹침","전자의 질량 변화","고체의 온도 변화","2","원자들이 가까워지면 에너지 준위가 겹치지 않게 미세하게 갈라집니다."
"400","PHY","물리학","3","빛과 물질","2","물질의 이해","2","에너지띠와 반도체","","theory","ba","","0K에서 전자가 채워져 있는 에너지띠 중 가장 높은 띠의 명칭은?","전도띠","원자가 띠","띠 간격","허용된 띠","2","전자가 채워진 마지막 에너지띠를 원자가 띠라고 합니다."
"401","PHY","물리학","3","빛과 물질","2","물질의 이해","2","에너지띠와 반도체","","theory","ba","","원자가 띠 위에 있는 비어 있는 에너지띠의 명칭은?","금지띠","전도띠","원자가 띠","준위띠","2","전자가 에너지를 얻어 올라가면 자유롭게 이동할 수 있는 띠입니다."
"402","PHY","물리학","3","빛과 물질","2","물질의 이해","2","에너지띠와 반도체","","theory","ba","","부도체(절연체)의 전기 전도성이 매우 낮은 이유는?","전도띠에 전자가 너무 많아서","띠 간격(띠 틈)이 매우 넓어서","원자가 띠가 비어 있어서","전자가 원자핵과 결합하지 않아서","2","띠 간격이 넓어 전자가 전도띠로 올라가기 매우 어렵기 때문입니다."
"403","PHY","물리학","3","빛과 물질","2","물질의 이해","2","에너지띠와 반도체","","theory","ba","","도체(금속)의 에너지 구조상 특징은?","띠 간격이 매우 넓다.","원자가 띠와 전도띠가 겹쳐 있거나 매우 가깝다.","전도띠가 완전히 비어 있다.","원자가 띠에 전자가 없다.","2","띠 간격이 거의 없어 전자가 자유롭게 전도띠로 이동합니다."
"404","PHY","물리학","3","빛과 물질","2","물질의 이해","2","에너지띠와 반도체","","theory","ba","","반도체의 에너지띠 구조에 대한 설명으로 옳은 것은?","띠 간격이 없다.","부도체보다 띠 간격이 좁다.","도체보다 띠 간격이 좁다.","원자가 띠에 전자가 하나도 없다.","2","절연체보다는 좁은 띠 간격을 가져 조건에 따라 전류가 흐릅니다."
"405","PHY","물리학","3","빛과 물질","2","물질의 이해","2","에너지띠와 반도체","","theory","ba","","원자가 띠의 전자가 전도띠로 전이하면서 남기는 (+) 전하 성질의 빈자리는?","전자","양공","중성자","음이온","2","전자가 빠져나간 빈자리는 상대적으로 (+)를 띠며 양공이라 부릅니다."
"406","PHY","물리학","3","빛과 물질","2","물질의 이해","2","에너지띠와 반도체","","theory","ba","","반도체의 주요 재료인 실리콘(Si)의 최외각 전자 수는?","3개","4개","5개","6개","2","14족 원소인 실리콘은 최외각 전자가 4개입니다."
"407","PHY","물리학","3","빛과 물질","2","물질의 이해","2","에너지띠와 반도체","","theory","ba","","불순물이 추가된 반도체에 대한 설명으로 옳은 것은?","n형 반도체는 양공이 주요 나르개이다.","p형 반도체는 자유 전자가 주요 나르개이다.","n형은 전자, p형은 양공이 주요 전하 나르개이다.","도핑을 하면 전기 전도성이 나빠진다.","3","도핑을 통해 전자나 양공의 수를 늘려 전도성을 높입니다."
"408","PHY","물리학","3","빛과 물질","2","물질의 이해","2","에너지띠와 반도체","","theory","ba","","띠 간격이 큰 물질부터 순서대로 나열한 것은?","절연체-반도체-도체","도체-반도체-절연체","반도체-절연체-도체","절연체-도체-반도체","1","전도성이 나쁠수록 에너지 띠 간격이 넓습니다."
"409","PHY","물리학","3","빛과 물질","2","물질의 이해","2","에너지띠와 반도체","","theory","ba","","n형 반도체를 만들기 위해 도핑하는 원소(주개)의 최외각 전자 수는?","3개","4개","5개","6개","3","5족 원소를 넣으면 결합 후 전자 1개가 남아 전류에 기여합니다."
"410","PHY","물리학","3","빛과 물질","2","물질의 이해","2","에너지띠와 반도체","","theory","ba","","p형 반도체를 만들기 위해 도핑하는 원소(받개)의 최외각 전자 수는?","3개","4개","5개","6개","1","3족 원소를 넣으면 전자 1개가 부족하여 양공이 생깁니다."
"411","PHY","물리학","3","빛과 물질","2","물질의 이해","2","에너지띠와 반도체","","theory","ba","","n형 반도체에서 불순물에 의해 전도띠 바로 아래에 생성되는 준위는?","주개 준위","받개 준위","중간 준위","금지 준위","1","전자를 전도띠로 쉽게 보내주는(주는) 준위이므로 주개 준위입니다."
"412","PHY","물리학","3","빛과 물질","2","물질의 이해","2","에너지띠와 반도체","","theory","ba","","p형 반도체에서 불순물에 의해 원자가 띠 바로 위에 생성되는 준위는?","주개 준위","받개 준위","공핍 준위","이온 준위","2","원자가 띠의 전자를 쉽게 받아들여 양공을 만드는 받개 준위입니다."
"413","PHY","물리학","3","빛과 물질","2","물질의 이해","2","에너지띠와 반도체","","theory","ba","","pn 접합 다이오드에 순방향 전압을 거는 방법은?","p형에 (-), n형에 (+) 연결","p형에 (+), n형에 (-) 연결","양쪽 모두 (+) 연결","전지를 연결하지 않음","2","p(Positive)에 (+), n(Negative)에 (-)를 연결해야 순방향입니다."
"414","PHY","물리학","3","빛과 물질","2","물질의 이해","2","에너지띠와 반도체","","theory","ba","","pn 접합 다이오드에 역방향 전압을 걸었을 때 일어나는 현상은?","결핍층(공핍층)이 좁아진다.","결핍층(공핍층)이 두꺼워진다.","전류가 매우 잘 흐른다.","전자와 양공이 접합면으로 모인다.","2","전하 나르개들이 접합면에서 멀어져 결핍층이 넓어지고 전류가 차단됩니다."
"415","PHY","물리학","3","빛과 물질","2","물질의 이해","2","에너지띠와 반도체","","theory","ba","","다이오드의 정류 작용에 대한 설명으로 옳은 것은?","빛을 전기로 바꾼다.","교류를 직류로 바꾼다.","전압을 높여준다.","에너지를 저장한다.","2","한쪽 방향으로만 전류를 흐르게 하여 방향이 바뀌는 교류를 정류합니다."
"416","PHY","물리학","3","빛과 물질","2","물질의 이해","2","에너지띠와 반도체","","theory","ba","","발광 다이오드(LED)가 빛을 내는 원리로 옳은 것은?","전자가 원자가 띠에서 전도띠로 올라갈 때","전자가 전도띠에서 원자가 띠의 양공으로 떨어질 때","양공이 n형 영역으로 이동할 때","반도체가 열을 받아서","2","전자가 에너지를 잃으며 떨어질 때 띠 간격만큼의 빛을 방출합니다."
"417","PHY","물리학","3","빛과 물질","2","물질의 이해","2","에너지띠와 반도체","","theory","ba","","LED에서 나오는 빛의 색깔을 조절하는 방법은?","전지의 전압을 바꾼다.","반도체의 띠 간격 크기를 조절한다.","전류의 세기를 바꾼다.","다이오드의 크기를 바꾼다.","2","에너지 차이(띠 간격)가 빛의 진동수(색깔)를 결정합니다."
"418","PHY","물리학","3","빛과 물질","2","물질의 이해","2","에너지띠와 반도체","","theory","ba","","광다이오드(Photodiode)에 대한 설명으로 옳은 것은?","빛 에너지를 전기 에너지로 변환한다.","순방향으로 전기를 흘려 빛을 낸다.","정류 작용을 하지 못한다.","전류를 증폭시키는 장치이다.","1","빛을 받으면 전자와 양공이 생겨 전류가 흐르는 원리를 이용합니다."
"419","PHY","물리학","3","빛과 물질","2","물질의 이해","2","에너지띠와 반도체","","theory","ba","","LED와 광다이오드의 회로 연결 및 전류 방향에 대한 설명으로 옳은 것은?","LED는 역방향일 때 빛이 난다.","광다이오드는 순방향 전류만을 신호로 사용한다.","LED는 순방향일 때 작동하며 광다이오드는 주로 역방향 전류 흐름을 이용한다.","두 소자 모두 전류 방향에 상관없이 작동한다.","3","LED는 순방향 전압이 필수이며 광다이오드는 역방향 시 발생하는 전류 변화를 감지합니다."
"420","PHY","물리학","3","빛과 물질","2","물질의 이해","3","특수 상대성 이론","","theory","ba","","특수 상대성 이론의 두 가설 중 '광속 불변의 원리'에 대한 설명으로 옳은 것은?","빛의 속력은 광원의 속력에 따라 달라진다.","모든 관성계에서 진공 중 빛의 속력은 동일하다.","정지한 관찰자가 본 빛이 더 빠르다.","관찰자가 빛을 향해 달려가면 빛의 속력이 더 빠르게 측정된다.","2","광속 불변은 관찰자나 광원의 운동 상태와 무관하게 진공에서 빛의 속력 c가 일정함을 의미합니다."
"421","PHY","물리학","3","빛과 물질","2","물질의 이해","3","특수 상대성 이론","","theory","ba","","시속 30km로 달리는 킥보드 위에서 진행 방향으로 시속 100km의 야구공을 던졌다. 지면에 정지한 관찰자가 측정하는 야구공의 속력은? (고전역학 관점)","70 km/h","100 km/h","130 km/h","알 수 없다","3","일반 물체는 갈릴레이 속도 덧셈이 적용되어 30+100=130 km/h가 됩니다."
"422","PHY","물리학","3","빛과 물질","2","물질의 이해","3","특수 상대성 이론","","theory","ba","","0.5c의 속력으로 달리는 우주선에서 진행 방향으로 빛을 쏘았다. 지면 관찰자가 측정하는 빛의 속력은?","0.5c","c","1.5c","2c","2","광속 불변에 의해 어떤 관성계에서 측정해도 빛의 속력은 항상 c입니다."
"423","PHY","물리학","3","빛과 물질","2","물질의 이해","3","특수 상대성 이론","","theory","ba","","특수 상대성 이론의 '상대성 원리'에 대한 설명으로 옳은 것은?","정지한 관성계에서만 물리 법칙이 성립한다.","모든 관성계에서 물리 법칙은 동일하게 성립한다.","관찰자에 따라 물리 법칙이 다르다.","빛의 속력만이 모든 관성계에서 같다.","2","상대성 원리는 모든 관성 좌표계에서 동일한 물리 법칙이 적용된다는 가설입니다."
"424","PHY","물리학","3","빛과 물질","2","물질의 이해","3","특수 상대성 이론","","theory","ba","","다음 중 '관성계'에 해당하는 것은?","가속하는 자동차 안","회전하는 회전목마 위","등속도로 직선 운동하는 우주선 안","자유낙하 직전 멈춰 있던 엘리베이터가 떨어지기 시작하는 순간","3","관성계는 가속하지 않는 좌표계, 즉 정지 또는 등속 직선 운동하는 좌표계입니다."
"425","PHY","물리학","3","빛과 물질","2","물질의 이해","3","특수 상대성 이론","","theory","ba","","'고유시간(proper time)'의 정의로 옳은 것은?","가장 길게 측정되는 시간","한 관성계에서 같은 위치에서 일어난 두 사건 사이의 시간","빛이 한 점에서 다른 점까지 이동하는 시간","모든 관찰자가 측정하는 평균 시간","2","고유시간은 동일 관성계에서 같은 장소에서 발생한 두 사건의 시간 간격입니다."
"426","PHY","물리학","3","빛과 물질","2","물질의 이해","3","특수 상대성 이론","","theory","ba","","시간 지연 현상에 대한 설명으로 옳은 것은?","운동하는 관성계의 시계가 정지한 관성계보다 빠르게 간다.","운동하는 관성계의 시계가 정지한 관성계에서 보았을 때 느리게 간다.","모든 관성계의 시간은 똑같이 흐른다.","빛의 속력보다 빠르게 움직여야만 시간이 느려진다.","2","외부 관찰자는 빠르게 움직이는 관성계의 시계가 자신의 시계보다 느리게 가는 것으로 측정합니다."
"427","PHY","물리학","3","빛과 물질","2","물질의 이해","3","특수 상대성 이론","","theory","ba","","우주선 안에 정지한 광원에서 빛이 출발하여 거울에 반사된 후 광원으로 돌아왔다. 이 두 사건(출발-도착) 사이의 시간을 고유시간으로 측정하는 사람은?","우주선 안의 사람","외부의 정지한 관찰자","두 사람이 같은 시간을 측정한다","누구도 고유시간을 측정할 수 없다","1","두 사건이 같은 위치(광원 자리)에서 일어났으므로, 그 위치와 함께 움직이는 우주선 안 관찰자가 고유시간을 측정합니다."
"428","PHY","물리학","3","빛과 물질","2","물질의 이해","3","특수 상대성 이론","","theory","ba","","'고유길이(proper length)'의 정의로 옳은 것은?","모든 관찰자가 측정하는 평균 길이","물체에 대해 정지한 관성계에서 측정한 길이","가장 짧게 측정되는 길이","빛이 물체의 한 끝에서 다른 끝까지 이동하는 거리","2","고유길이는 측정 대상 물체에 대해 정지해 있는 관찰자가 측정한 길이입니다."
"429","PHY","물리학","3","빛과 물질","2","물질의 이해","3","특수 상대성 이론","","theory","ba","","길이 수축 현상에 대한 설명으로 옳은 것은?","운동하는 물체는 운동 방향으로 길이가 늘어난다.","운동하는 물체는 운동 방향으로 길이가 줄어든 것으로 측정된다.","운동하는 물체는 운동 방향과 수직 방향으로 길이가 줄어든다.","길이는 관찰자에 관계없이 일정하다.","2","외부 관찰자는 운동 방향에 평행한 방향에서 물체의 길이가 줄어든 것으로 측정합니다."
"430","PHY","물리학","3","빛과 물질","2","물질의 이해","3","특수 상대성 이론","","theory","ba","","길이 수축은 어느 방향으로 일어나는가?","운동 방향에 수직한 방향","운동 방향에 평행한 방향","모든 방향","임의의 방향","2","길이 수축은 상대 운동 방향과 같은 방향(평행 성분)에서만 발생합니다."
"431","PHY","물리학","3","빛과 물질","2","물질의 이해","3","특수 상대성 이론","","theory","ba","","행성 P에서 행성 Q까지 우주선이 0.6c로 등속 운동한다. 두 행성 사이의 거리를 고유길이로 측정하는 사람은?","우주선 안의 우주인","행성에 정지한 관찰자","두 사람이 같은 길이를 측정한다","빛 자신","2","두 행성에 대해 정지해 있는 관찰자가 두 행성 사이의 거리에 대한 고유길이를 측정합니다."
"432","PHY","물리학","3","빛과 물질","2","물질의 이해","3","특수 상대성 이론","","theory","ba","","정지 상태일 때 길이가 100m인 우주선이 0.8c로 날아간다. 외부의 정지한 관찰자가 측정하는 우주선의 길이는 100m와 비교해 어떠한가?","100m보다 길다","100m와 같다","100m보다 짧다","측정할 수 없다","3","외부 관찰자에게는 운동 방향으로 길이 수축이 일어나 100m보다 짧게 측정됩니다."
"433","PHY","물리학","3","빛과 물질","2","물질의 이해","3","특수 상대성 이론","","theory","ba","","우주선 안에 탄 사람이 자신이 탄 우주선의 길이를 측정하면, 우주선 정지 시의 길이와 비교해 어떠한가?","더 길다","같다","더 짧다","측정 불가능하다","2","우주선 안 사람은 우주선과 함께 움직이므로 자신에 대해 우주선이 정지해 있어 고유길이를 측정합니다."
"434","PHY","물리학","3","빛과 물질","2","물질의 이해","3","특수 상대성 이론","","theory","ba","","우주선이 0.6c로 등속 운동한다. 우주선 안 광원에서 천장 거울로 빛이 갔다가 다시 광원으로 돌아오는 두 사건에 대해 옳은 것은?","외부 관찰자가 측정한 시간이 고유시간이다.","우주선 안 관찰자가 측정한 시간이 고유시간이다.","두 사람이 측정한 시간은 항상 같다.","외부 관찰자가 측정한 시간이 더 짧다.","2","출발과 도착이 우주선 안 같은 위치에서 일어났으므로, 같이 움직이는 우주선 내부 관찰자가 고유시간을 측정합니다."
"435","PHY","물리학","3","빛과 물질","2","물질의 이해","3","특수 상대성 이론","","theory","ba","","행성 P에서 행성 Q까지 우주선이 등속 운동한다. 우주선이 P를 출발하는 사건과 Q에 도착하는 사건에 대해 고유시간을 측정하는 사람은?","우주선 안의 우주인","두 행성에 정지한 관찰자","빛 자신","두 사람 모두 고유시간을 측정한다","1","출발과 도착 사건이 우주선 안 같은 위치(우주선)에서 일어나므로 우주선과 함께 움직이는 우주인이 고유시간을 측정합니다."
"436","PHY","물리학","3","빛과 물질","2","물질의 이해","3","특수 상대성 이론","","theory","ba","","우주선 안에서 광원에서 출발한 빛이 우주선 앞쪽 검출기에 도달했다. 이 두 사건의 고유시간을 측정하는 사람은?","우주선 안의 사람","외부의 정지한 관찰자","둘 다 측정 가능","둘 다 측정 불가능","4","두 사건이 우주선 안에서도 서로 다른 위치(광원과 검출기)에서 일어나므로, 어떤 관성계의 단일 시계로도 같은 위치에서 측정할 수 없어 고유시간이 정의되지 않습니다."
"437","PHY","물리학","3","빛과 물질","2","물질의 이해","3","특수 상대성 이론","","theory","ba","","우주선이 +x 방향으로 0.8c의 빠른 속력으로 날아간다. 외부의 정지한 관찰자가 우주선의 가로(운동 방향, x축)와 세로(운동 방향에 수직, y축) 길이를 측정할 때 옳은 설명은?","가로와 세로 모두 짧아진 것으로 측정된다.","가로(운동 방향)는 짧아지지만, 세로(수직 방향)는 변하지 않는다.","세로는 짧아지지만 가로는 변하지 않는다.","가로와 세로 모두 변하지 않는다.","2","길이 수축은 상대 운동 방향에 평행한 성분에서만 일어나며, 운동 방향에 수직한 길이는 변하지 않습니다."
"438","PHY","물리학","3","빛과 물질","2","물질의 이해","3","특수 상대성 이론","","theory","ba","","우주선 A와 우주선 B가 서로에 대해 0.6c의 빠른 속력으로 등속 운동하고 있다. 각자 자신의 우주선 안에 동일한 시계를 가지고 있다. 이때 옳은 설명은?","A에서 본 B의 시계만 느리게 가고, B에서 본 A의 시계는 정상이다.","B에서 본 A의 시계만 느리게 가고, A에서 본 B의 시계는 정상이다.","A와 B 모두 상대방의 시계가 자신의 시계보다 느리게 가는 것으로 측정한다.","두 우주선의 시계는 서로 같은 빠르기로 측정된다.","3","시간 지연은 상호적입니다. 모든 관성계는 동등하므로, 각 관찰자는 자신에 대해 운동하는 상대방의 시계가 느리게 가는 것으로 측정합니다."
"439","PHY","물리학","3","빛과 물질","2","물질의 이해","3","특수 상대성 이론","","theory","ba","","우주선 안 우주인은 행성 P에서 Q까지 거리가 60광년이라고 측정했고, 행성에 정지한 관찰자는 100광년이라고 측정했다. 이 상황에 대한 설명으로 옳은 것은?","우주인이 측정한 60광년이 고유길이다.","행성 관찰자가 측정한 100광년이 고유길이이며, 우주인은 길이 수축으로 더 짧게 측정한다.","두 측정값 모두 고유길이다.","우주인의 측정이 잘못된 것이다.","2","두 행성에 대해 정지한 관찰자가 측정한 거리가 고유길이이며, 두 행성에 대해 운동하는 우주인은 길이 수축으로 더 짧게 측정합니다."
"440","PHY","물리학","1","힘과 에너지","1","힘과 운동","1","평형과 안정성","","theory","ba","","물리에서 '힘'의 정의로 옳은 것은?","물체의 색깔이나 크기를 변화시키는 원인이다.","물체의 운동 상태나 모양을 변화시키는 원인이다.","물체의 온도를 변화시키는 원인이다.","물체의 위치를 정지시키는 원인이다.","2","힘은 물체의 운동 상태(속력·방향)나 모양을 변화시키는 원인입니다."
"441","PHY","물리학","1","힘과 에너지","1","힘과 운동","1","평형과 안정성","","theory","ba","","힘의 SI 단위로 옳은 것은?","kg","m/s","N (뉴턴)","J (줄)","3","힘의 단위는 N(뉴턴)입니다. 1 N = 1 kg·m/s²."
"442","PHY","물리학","1","힘과 에너지","1","힘과 운동","1","평형과 안정성","","theory","ba","","1 N의 의미로 옳은 것은?","1 kg의 물체를 1 m 이동시키는 힘의 크기이다.","1 kg의 물체를 1초 동안 정지시키는 힘의 크기이다.","1 g의 물체를 1 m/s²으로 가속시키는 힘의 크기이다.","1 kg의 물체를 1 m/s²의 가속도로 가속시키는 힘의 크기이다.","4","1 N = 질량 1 kg인 물체를 1 m/s²의 가속도로 가속시키는 힘의 크기입니다. (F = ma에서 1 N = 1 kg × 1 m/s²)"
"443","PHY","물리학","1","힘과 에너지","1","힘과 운동","1","평형과 안정성","","theory","ba","","'알짜힘(합력)'의 정의로 옳은 것은?","물체에 가장 마지막에 작용한 힘","물체에 작용하는 힘 중 가장 큰 힘 하나","물체에 작용하는 힘 중 가장 작은 힘 하나","한 물체에 여러 힘이 동시에 작용할 때 이 힘들과 같은 효과를 내는 하나의 힘","4","알짜힘(합력)은 물체에 작용하는 모든 힘들을 하나로 합친 것과 같은 효과를 내는 힘입니다."
"444","PHY","물리학","1","힘과 에너지","1","힘과 운동","1","평형과 안정성","","theory","ba","","한 물체에 같은 방향으로 3 N과 4 N인 두 힘이 나란히 작용할 때, 알짜힘의 크기는?","7 N","1 N","5 N","12 N","1","같은 방향의 두 힘은 크기를 더합니다. 3 + 4 = 7 N."
"445","PHY","물리학","1","힘과 에너지","1","힘과 운동","1","평형과 안정성","","theory","ad","","한 물체에 반대 방향으로 3 N과 5 N인 두 힘이 나란히 작용할 때, 알짜힘의 크기와 방향은?","8 N, 3 N의 방향","2 N, 5 N의 방향","2 N, 3 N의 방향","8 N, 5 N의 방향","2","반대 방향의 두 힘은 크기를 뺍니다. |5 − 3| = 2 N, 그리고 방향은 큰 힘(5 N)의 방향입니다."
"446","PHY","물리학","1","힘과 에너지","1","힘과 운동","1","평형과 안정성","","theory","ba","","'돌림힘'의 정의로 옳은 것은?","물체를 변형시키는 힘","물체를 정지시키는 힘","물체를 이동시키는 힘","물체에 힘이 작용할 때 물체가 회전하는 운동의 원인이 되는 물리량","4","돌림힘(토크)은 물체를 회전시키는 원인이 되는 물리량입니다. 그리스 문자 τ(타우)로 표기합니다."
"447","PHY","물리학","1","힘과 에너지","1","힘과 운동","1","평형과 안정성","","theory","ba","","회전축으로부터 r만큼 떨어진 지점에 힘 F가 회전 팔에 수직으로 작용할 때, 돌림힘 τ의 크기로 옳은 것은?","τ = rF","τ = r + F","τ = r / F","τ = F / r","1","회전 팔에 수직인 힘이 작용하면 τ = rF. 힘 F와 회전 팔이 이루는 각이 θ일 때는 일반적으로 τ = rF sin θ 입니다."
"448","PHY","물리학","1","힘과 에너지","1","힘과 운동","1","평형과 안정성","","theory","ba","","돌림힘의 단위로 옳은 것은?","N (뉴턴)","J (줄)","kg (킬로그램)","N·m (뉴턴미터)","4","돌림힘의 단위는 N·m입니다. (일의 단위 J = N·m와 수치는 같지만 물리적 의미가 다르므로 돌림힘은 J로 쓰지 않습니다.)"
"449","PHY","물리학","1","힘과 에너지","1","힘과 운동","1","평형과 안정성","","theory","ba","","역학적 평형 상태를 유지하기 위한 두 가지 조건으로 옳게 짝지어진 것은?","힘의 합이 무한대, 돌림힘의 합이 무한대","힘의 합이 최대, 돌림힘의 합이 최소","힘의 합이 0(힘의 평형), 돌림힘의 합이 0(돌림힘의 평형)","힘의 크기만 0, 방향은 무관","3","역학적 평형: (1) 힘의 평형 — 알짜힘 = 0, (2) 돌림힘의 평형 — 모든 돌림힘의 합 = 0. 두 조건을 모두 만족해야 합니다."
"450","PHY","물리학","1","힘과 에너지","1","힘과 운동","1","평형과 안정성","","theory","ba","","'힘의 평형'의 정의로 옳은 것은?","물체에 작용하는 힘의 합이 최대인 상태","물체에 크기가 다른 두 힘이 작용하는 상태","물체에 작용하는 알짜힘(모든 힘의 합)이 0인 상태","물체가 회전만 하는 상태","3","힘의 평형: 물체에 작용하는 모든 힘의 벡터 합(알짜힘)이 0인 상태입니다."
"451","PHY","물리학","1","힘과 에너지","1","힘과 운동","1","평형과 안정성","","theory","ba","","'돌림힘의 평형'의 정의로 옳은 것은?","물체에 작용하는 모든 돌림힘의 합이 0인 상태","물체의 무게가 0인 상태","물체에 힘이 하나도 작용하지 않는 상태","물체의 회전이 시작되는 순간","1","돌림힘의 평형: 물체에 작용하는 모든 돌림힘의 합이 0인 상태입니다. 이 조건이 충족되면 물체는 회전하지 않습니다."
"452","PHY","물리학","1","힘과 에너지","1","힘과 운동","1","평형과 안정성","","theory","ad","","한 물체에 크기가 같고 방향이 반대인 두 힘이, 같은 작용선상이 아닌 서로 다른 작용선에서 작용한다. 이 물체의 상태로 옳은 것은?","힘의 평형은 이루지만 돌림힘의 평형은 이루지 못해 물체가 회전한다.","힘의 평형과 돌림힘의 평형을 모두 이루어 완전히 정지한다.","물체가 한 방향으로 등속 직선 운동을 한다.","물체는 아무런 운동도 하지 않는다.","1","두 힘의 크기가 같고 방향이 반대이므로 알짜힘 = 0 (힘의 평형). 그러나 작용선이 다르면 두 힘이 짝힘(couple)을 이루어 돌림힘이 발생하므로 물체는 회전 운동을 합니다."
"453","PHY","물리학","1","힘과 에너지","1","힘과 운동","1","평형과 안정성","","theory","ba","","'무게중심'의 정의로 옳은 것은?","물체의 가장 무거운 지점","물체를 이루는 입자들의 전체 무게가 한곳에 작용한다고 볼 수 있는 점","물체의 기하학적 정중앙","물체의 표면 중 가장 낮은 점","2","무게중심은 물체 각 부분에 작용하는 중력들을 대표하여 하나의 점에 작용한다고 볼 수 있는 점입니다."
"454","PHY","물리학","1","힘과 에너지","1","힘과 운동","1","평형과 안정성","","theory","ba","","모양이 대칭적인 물체(예: 정육면체, 균일한 구)의 무게중심 위치로 옳은 것은?","물체의 표면 위 임의의 점","물체의 중앙점(기하학적 중심)","물체의 밑면","무게중심을 결정할 수 없다","2","대칭적이고 질량 분포가 균일한 물체의 무게중심은 물체의 기하학적 중심(중앙점)에 있습니다. 모양이 불규칙한 경우에는 질량이 많은 쪽으로 치우칩니다."
"455","PHY","물리학","1","힘과 에너지","1","힘과 운동","1","평형과 안정성","","theory","ba","","'안정 평형'의 정의로 옳은 것은?","물체가 조금만 흔들려도 넘어지는 경우","물체가 회전만 계속하는 경우","물체가 평형 상태에서 조금 벗어날 경우 원래 위치로 되돌아오는 경우","물체가 어떤 힘에도 반응하지 않는 경우","3","안정 평형: 평형 상태에서 물체가 조금 벗어나도, 힘(복원력) 또는 돌림힘이 원래 상태로 되돌리는 방향으로 작용하여 물체가 원래 위치로 돌아오는 경우입니다. (예: 오목한 그릇 안의 공)"
"456","PHY","물리학","1","힘과 에너지","1","힘과 운동","1","평형과 안정성","","theory","ba","","'불안정 평형'의 정의로 옳은 것은?","물체가 흔들려도 반드시 원래 위치로 돌아오는 경우","물체가 평형 상태에서 조금이라도 벗어나면 원래 위치로 돌아오지 못하고 더 멀어지는 경우","물체가 정지 상태를 유지할 수 없는 경우","무게중심이 아예 존재하지 않는 경우","2","불안정 평형: 평형 상태에서 조금이라도 벗어나면 원래 위치로 되돌아오지 못하고 오히려 더 멀어지는 경우입니다. (예: 볼록한 지붕 꼭대기의 공)"
"457","PHY","물리학","1","힘과 에너지","1","힘과 운동","1","평형과 안정성","","theory","ad","","구조물이 넘어지지 않고 안정된 상태를 유지하기 위한 조건으로 옳은 것은?","구조물의 무게중심을 지나는 연직선이 바닥면 안쪽에 있어야 한다.","구조물의 무게중심이 바닥면보다 낮아야 한다.","구조물의 부피가 커야 한다.","구조물의 무게가 작아야 한다.","1","물체를 기울여도 무게중심을 지나는 연직선이 바닥면 안쪽에 있으면 중력에 의한 돌림힘이 원래 위치로 되돌리는 방향으로 작용해 안정합니다. 반대로 이 연직선이 바닥면 밖으로 벗어나면 물체가 넘어집니다."
"458","PHY","물리학","1","힘과 에너지","1","힘과 운동","1","평형과 안정성","","theory","ad","","구조물의 안정성을 높이기 위한 조건으로 옳은 것은?","무게중심은 낮게, 바닥면은 넓게 한다.","무게중심은 높게, 바닥면은 좁게 한다.","무게중심은 높게, 바닥면은 넓게 한다.","무게중심은 낮게, 바닥면은 좁게 한다.","1","안정성 원리: 무게중심이 낮을수록, 바닥면이 넓을수록 안정합니다. 예: 원뿔 구조물, 초고층 건물의 넓은 바닥, 사다리차의 지지대 확장 등."
"459","PHY","물리학","1","힘과 에너지","1","힘과 운동","1","평형과 안정성","","theory","ad","","한 물체가 힘의 평형은 이루고 있지만 돌림힘의 평형은 이루지 못하고 있다. 이 물체의 운동 상태로 옳은 것은?","완전히 정지 상태로 유지된다.","한 방향으로 등속 직선 운동만 한다.","정지·등속 상태와 관계없이 회전 운동은 일어나지 않는다.","물체는 무게중심의 이동 없이(전체적인 이동 없이) 그 자리에서 회전한다.","4","힘의 평형(알짜힘 = 0)이므로 무게중심은 이동하지 않지만, 돌림힘의 합이 0이 아니므로 물체는 회전 운동을 합니다. 즉 '제자리에서 회전'하는 상태입니다."
"460","PHY","물리학","1","힘과 에너지","1","힘과 운동","2","등가속도 운동","","theory","ba","","'이동 거리'와 '변위'의 차이로 옳은 것은?","이동 거리와 변위는 완전히 같다.","이동 거리는 방향이 있고, 변위는 방향이 없다.","이동 거리는 물체가 실제로 움직인 총 거리이고, 변위는 처음 위치에서 나중 위치까지의 직선 거리와 방향이다.","이동 거리는 항상 변위보다 작다.","3","이동 거리는 실제로 움직인 총 거리(크기만 있음)이고, 변위는 처음 위치에서 나중 위치를 잇는 직선의 거리와 방향(벡터)입니다."
"461","PHY","물리학","1","힘과 에너지","1","힘과 운동","2","등가속도 운동","","theory","ba","","어떤 사람이 동쪽으로 10 m 이동한 후 서쪽으로 20 m 이동했다. 이동 거리와 변위의 크기로 옳은 것은?","이동 거리 10 m, 변위 크기 30 m","이동 거리 30 m, 변위 크기 10 m (서쪽)","이동 거리 30 m, 변위 크기 30 m","이동 거리 10 m, 변위 크기 20 m","2","이동 거리는 실제로 움직인 총 거리이므로 10 + 20 = 30 m. 변위의 크기는 처음~나중 위치 사이의 직선 거리로 |10 − 20| = 10 m, 방향은 서쪽입니다."
"462","PHY","물리학","1","힘과 에너지","1","힘과 운동","2","등가속도 운동","","theory","ba","","'속력'과 '속도'의 차이로 옳은 것은?","속력은 방향이 있고 속도는 방향이 없다.","둘은 완전히 같은 물리량이다.","속력은 크기만 있는 물리량이고, 속도는 크기와 방향을 함께 나타내는 물리량이다.","속력은 단위가 없고 속도만 단위가 있다.","3","속력은 빠르기만을 나타내는 물리량(크기만 있음)이고, 속도는 빠르기와 방향을 함께 나타내는 벡터량입니다."
"463","PHY","물리학","1","힘과 에너지","1","힘과 운동","2","등가속도 운동","","theory","ad","","'평균 속력'과 '평균 속도'의 정의로 옳은 것은?","평균 속력 = 전체 변위 / 전체 시간, 평균 속도 = 전체 이동거리 / 전체 시간","평균 속력과 평균 속도는 항상 같다.","평균 속력 = 전체 이동거리 / 전체 시간, 평균 속도 = 전체 변위 / 전체 시간","평균 속력 = 처음 속력 / 나중 속력","3","평균 속력 = 전체 이동거리 / 걸린 시간, 평균 속도 = 전체 변위 / 걸린 시간. 왕복 운동에서는 두 값이 다릅니다."
"464","PHY","물리학","1","힘과 에너지","1","힘과 운동","2","등가속도 운동","","theory","ba","","'순간 속도'와 '순간 속력'의 정의로 옳은 것은?","어느 한 순간에서의 속도(방향 포함)와 속력(크기)이다.","긴 시간 동안의 평균 값이다.","물체가 정지한 순간의 속도이다.","가속도와 같은 물리량이다.","1","순간 속도는 매우 짧은 순간의 속도(방향 포함)이고, 순간 속력은 그 순간 속도의 크기(방향 무관)입니다."
"465","PHY","물리학","1","힘과 에너지","1","힘과 운동","2","등가속도 운동","","theory","ba","","'가속도'의 정의로 옳은 것은?","단위 시간 동안의 이동 거리","단위 시간 동안의 변위","단위 시간 동안의 힘의 변화량","단위 시간 동안의 속도 변화량","4","가속도는 물체의 속도가 시간에 따라 변하는 정도를 나타내는 물리량으로, 단위 시간 동안의 속도 변화량입니다. a = Δv/Δt."
"466","PHY","물리학","1","힘과 에너지","1","힘과 운동","2","등가속도 운동","","theory","ba","","가속도의 SI 단위로 옳은 것은?","m/s²","m/s","kg·m/s","N","1","가속도의 단위는 m/s² (미터 매 초 제곱)입니다. 속도(m/s)를 시간(s)으로 나눈 것과 같은 형태."
"467","PHY","물리학","1","힘과 에너지","1","힘과 운동","2","등가속도 운동","","theory","ba","","'관성'의 정의로 옳은 것은?","물체를 회전시키는 성질","물체의 색을 유지하려는 성질","물체의 온도를 유지하려는 성질","물체가 현재의 운동 상태를 그대로 유지하려는 성질","4","관성은 물체가 현재의 운동 상태(정지 또는 등속 운동)를 그대로 유지하려는 성질입니다. 질량이 클수록 관성이 큽니다."
"468","PHY","물리학","1","힘과 에너지","1","힘과 운동","2","등가속도 운동","","theory","ba","","뉴턴 운동 제1법칙(관성 법칙)의 내용으로 옳은 것은?","물체에 작용하는 알짜힘이 0이면, 정지한 물체는 계속 정지하고 운동하던 물체는 계속 등속도 운동을 한다.","물체에 작용하는 힘은 언제나 0이다.","물체는 힘이 없어도 스스로 움직인다.","질량이 클수록 물체는 저절로 가속한다.","1","관성 법칙(뉴턴 1법칙): 알짜힘이 0이면 정지 상태 또는 등속 직선 운동을 유지합니다. 버스가 갑자기 출발하면 승객이 뒤로 넘어지는 현상 등이 예입니다."
"469","PHY","물리학","1","힘과 에너지","1","힘과 운동","2","등가속도 운동","","theory","ba","","뉴턴 운동 제2법칙(가속도 법칙)에 따르면 물체의 질량이 일정할 때 가속도와 알짜힘의 관계는?","가속도는 알짜힘의 크기에 비례한다 (a ∝ F).","가속도는 알짜힘의 크기에 반비례한다.","가속도는 알짜힘과 무관하다.","가속도는 알짜힘의 제곱에 비례한다.","1","질량이 일정할 때 가속도는 알짜힘의 크기에 비례합니다. a ∝ F."
"470","PHY","물리학","1","힘과 에너지","1","힘과 운동","2","등가속도 운동","","theory","ba","","뉴턴 운동 제2법칙에 따르면 알짜힘이 일정할 때 가속도와 질량의 관계는?","가속도는 질량에 비례한다.","가속도와 질량은 무관하다.","가속도는 질량의 제곱에 반비례한다.","가속도는 질량에 반비례한다 (a ∝ 1/m).","4","알짜힘이 일정할 때 가속도는 질량에 반비례합니다. a ∝ 1/m. 즉 무거운 물체일수록 같은 힘으로 가속시키기 어렵습니다."
"471","PHY","물리학","1","힘과 에너지","1","힘과 운동","2","등가속도 운동","","theory","ad","","뉴턴 운동 제2법칙을 하나의 관계식으로 나타낸 것은? (F: 알짜힘, m: 질량, a: 가속도)","F = m + a","F = m/a","F = a/m","F = ma","4","뉴턴 운동 제2법칙: F = ma. 알짜힘 = 질량 × 가속도."
"472","PHY","물리학","1","힘과 에너지","1","힘과 운동","2","등가속도 운동","","theory","ba","","등가속도 직선 운동의 식으로 옳은 것은? (v₀: 처음 속도, v: 나중 속도, a: 가속도, t: 시간)","v = v₀ − a","v = v₀ + at","v = at²","v = v₀ × a × t","2","등가속도 직선 운동 3공식 중 ①: v = v₀ + at (시간에 따른 속도 변화)."
"473","PHY","물리학","1","힘과 에너지","1","힘과 운동","2","등가속도 운동","","theory","ba","","등가속도 직선 운동에서 변위 s를 시간 t로 나타낸 식으로 옳은 것은? (v₀: 처음 속도, a: 가속도)","s = v₀ + at²","s = v₀t + (1/2)at²","s = at","s = v₀²t","2","등가속도 직선 운동 3공식 중 ②: s = v₀t + (1/2)at²."
"474","PHY","물리학","1","힘과 에너지","1","힘과 운동","2","등가속도 운동","","theory","ad","","등가속도 직선 운동에서 시간을 소거하여 얻는 식으로 옳은 것은?","v² − v₀² = at","2as = v² − v₀²","v² = v₀ + 2as","v² = v₀² × 2as","2","등가속도 직선 운동 3공식 중 ③: 2as = v² − v₀². 시간 없이 속도와 변위 사이의 관계를 나타냅니다."
"475","PHY","물리학","1","힘과 에너지","1","힘과 운동","2","등가속도 운동","","theory","ba","","가속도가 양(+)의 일정한 값인 등가속도 직선 운동에서, 시간에 따른 속도의 변화로 옳은 것은?","속도가 일정하게 유지된다.","속도가 시간에 비례하여 일정하게 증가한다.","속도가 처음에는 감소하다가 나중에 증가한다.","속도가 지수 함수처럼 급격히 증가한다.","2","v = v₀ + at 에서 a가 양의 상수이므로 속도는 시간에 비례하여 일정하게 증가합니다. v-t 그래프는 오른쪽으로 올라가는 직선이 됩니다."
"476","PHY","물리학","1","힘과 에너지","1","힘과 운동","2","등가속도 운동","","theory","ba","","가속도가 양(+)의 일정한 값인 등가속도 직선 운동에서, 위치-시간(x-t) 그래프의 모양으로 옳은 것은?","수평선","직선(비스듬한)","아래로 오목한 곡선(포물선)","위로 오목한 곡선(포물선)","3","x = v₀t + (1/2)at² 에서 a가 양의 상수이면 x는 t의 2차 함수(포물선) 형태이고, 계수가 양수이므로 아래로 오목한 곡선입니다."
"477","PHY","물리학","1","힘과 에너지","1","힘과 운동","2","등가속도 운동","","theory","ba","","등가속도 직선 운동에서 가속도-시간(a-t) 그래프의 모양으로 옳은 것은?","오른쪽으로 올라가는 직선","포물선","시간축과 평행한 수평선","지수 함수 곡선","3","등가속도 운동은 가속도가 일정하므로 a-t 그래프는 시간축과 평행한 수평선입니다."
"478","PHY","물리학","1","힘과 에너지","1","힘과 운동","2","등가속도 운동","","theory","ad","","속도-시간(v-t) 그래프에서 '그래프 아래의 넓이'가 나타내는 물리량으로 옳은 것은?","변위(또는 이동 거리)","가속도","질량","힘","1","v-t 그래프에서 '넓이'는 (속도) × (시간) = 변위(또는 이동 거리)입니다. 등가속도 운동에서는 사다리꼴 넓이 = (v₀ + v)/2 × t로 구할 수 있습니다."
"479","PHY","물리학","1","힘과 에너지","1","힘과 운동","2","등가속도 운동","","theory","ad","","어떤 물체가 처음 속도 v₀ > 0으로 출발하여 가속도 a < 0(반대 방향)으로 등가속도 운동을 한다. 시간에 따른 물체의 위치(x-t) 그래프의 특징으로 옳은 것은?","직선의 형태로 계속 위로 올라간다.","포물선의 형태로 계속 위로 올라간다.","포물선의 형태로 계속 아래로 내려간다.","위로 오목한 곡선으로 증가하다가 최고점에 도달 후 다시 감소한다.","4","처음 속도가 +방향, 가속도가 −방향이므로 물체는 처음에는 +방향으로 이동하다가 속도가 점점 줄어 어떤 시점에 정지하고, 그 후 방향을 바꾸어 −방향으로 이동합니다. 따라서 x-t 그래프는 아래로 오목한 포물선(∪ 모양)이 아니라 '위로 오목한' 형태(∩ 모양, 증가 후 감소)입니다."
"480","PHY","물리학","1","힘과 에너지","1","힘과 운동","3","작용 반작용과 운동량 보존","","theory","ba","","뉴턴 운동 제3법칙(작용 반작용 법칙)의 내용으로 옳은 것은?","물체에 힘이 작용하면 물체는 이동한다.","물체의 가속도는 힘에 비례한다.","물체는 힘이 없어도 스스로 운동을 유지한다.","한 물체가 다른 물체에 힘을 가하면 동시에 힘을 받은 물체도 힘을 가한 물체에 크기가 같고 방향이 반대인 힘을 가한다.","4","뉴턴 제3법칙(작용 반작용 법칙): 두 물체 사이의 힘은 항상 쌍으로 작용하며, 크기가 같고 방향이 반대입니다. 서로 다른 두 물체에 작용합니다."
"481","PHY","물리학","1","힘과 에너지","1","힘과 운동","3","작용 반작용과 운동량 보존","","theory","ba","","작용 반작용 관계에 있는 두 힘의 특징으로 옳은 것은?","두 힘의 크기가 같고 방향이 반대이며, 같은 작용선상에서 서로 다른 물체에 작용한다.","두 힘의 크기와 방향이 모두 같다.","두 힘이 같은 물체에 작용한다.","두 힘의 크기는 같지만 항상 같은 방향이다.","1","작용 반작용 관계의 두 힘은 (i) 크기가 같고 (ii) 방향이 반대이며 (iii) 같은 작용선상에 있고 (iv) 서로 다른 두 물체에 각각 작용합니다."
"482","PHY","물리학","1","힘과 에너지","1","힘과 운동","3","작용 반작용과 운동량 보존","","theory","ba","","로켓이 가스를 뒤로 내뿜으며 앞으로 나아가는 원리로 옳은 것은?","로켓이 가스를 뒤로 밀어내는 힘의 반작용으로 가스가 로켓을 앞으로 밀기 때문","가스가 스스로 로켓을 밀기 때문","로켓 앞의 공기가 로켓을 앞으로 당기기 때문","로켓 내부에서 중력이 작용하기 때문","1","로켓이 가스를 뒤로 미는 힘(작용)의 반작용으로, 가스가 로켓을 앞으로 밀기 때문에 로켓이 앞으로 나아갑니다. 이는 뉴턴 제3법칙의 대표 사례입니다."
"483","PHY","물리학","1","힘과 에너지","1","힘과 운동","3","작용 반작용과 운동량 보존","","theory","ba","","작용 반작용과 힘의 평형의 '공통점'으로 옳은 것은?","두 힘의 크기가 같고 방향이 반대이며, 같은 작용선상에 있다.","두 힘이 같은 물체에 작용한다.","두 힘이 서로 다른 물체에 작용한다.","두 힘의 합력이 0이 되어 물체가 정지한다.","1","공통점: 두 힘의 크기가 같고, 방향이 반대이며, 같은 작용선상에 있습니다. 이 세 가지가 공통점입니다."
"484","PHY","물리학","1","힘과 에너지","1","힘과 운동","3","작용 반작용과 운동량 보존","","theory","ba","","작용 반작용과 힘의 평형의 '차이점'으로 옳은 것은?","작용 반작용은 두 힘의 크기가 같지만, 힘의 평형은 두 힘의 크기가 다르다.","작용 반작용은 방향이 같고, 힘의 평형은 방향이 반대이다.","작용 반작용은 정지 상태에서만 성립하지만, 힘의 평형은 운동 상태에서만 성립한다.","작용 반작용은 서로 다른 두 물체에 작용하고, 힘의 평형은 같은 한 물체에 작용한다.","4","차이점: (1) 작용 반작용 — 서로 다른 두 물체 사이에서 주고받는 힘, (2) 힘의 평형 — 한 물체에 작용하는 여러 힘의 합이 0인 상태. 어느 물체에 작용하느냐가 결정적 차이입니다."
"485","PHY","물리학","1","힘과 에너지","1","힘과 운동","3","작용 반작용과 운동량 보존","","theory","ba","","책상 위에 놓인 책에 대한 설명으로 옳은 것은?","책이 받는 중력과 책이 받는 수직항력은 작용 반작용 관계이다.","책이 받는 수직항력과 책이 책상을 누르는 힘은 같은 물체에 작용한다.","책이 받는 중력과 책이 받는 수직항력은 힘의 평형 관계이다.","책상 위 책에는 오직 중력만 작용한다.","3","책이 받는 중력(지구가 책을 당김)과 수직항력(책상이 책을 밀어올림)은 둘 다 '책'이라는 같은 물체에 작용하며 크기가 같고 반대 방향이므로 힘의 평형 관계입니다. (책상이 책에 가한 수직항력의 반작용은 '책이 책상을 누르는 힘'이며 이는 책상에 작용합니다.)"
"486","PHY","물리학","1","힘과 에너지","1","힘과 운동","3","작용 반작용과 운동량 보존","","theory","ba","","질량이 없는 실로 물체 A, B가 연결되어 정지해 있다. 다음 다섯 힘의 크기 관계로 옳은 것은? [보기] ① A가 실을 당기는 힘, ② 실이 A를 당기는 힘, ③ B가 실을 당기는 힘, ④ 실이 B를 당기는 힘, ⑤ 실에 걸리는 장력","①과 ②만 같고 나머지는 다르다.","①과 ③이 같고 나머지는 다르다.","다섯 힘의 크기가 모두 다르다.","다섯 힘의 크기가 모두 같다.","4","질량이 없는 실로 두 물체가 연결되어 있을 때, 다섯 힘의 크기는 모두 같습니다. ①과 ②는 작용 반작용 관계, ③과 ④는 작용 반작용 관계이며, 질량 없는 실에서 장력은 실 어느 부분이든 동일합니다."
"487","PHY","물리학","1","힘과 에너지","1","힘과 운동","3","작용 반작용과 운동량 보존","","theory","ad","","질량이 없는 실로 물체 A, B가 연결되어 함께 가속 운동을 하고 있다. 다음 다섯 힘의 크기 관계로 옳은 것은? [보기] ① A가 실을 당기는 힘, ② 실이 A를 당기는 힘, ③ B가 실을 당기는 힘, ④ 실이 B를 당기는 힘, ⑤ 실에 걸리는 장력","A쪽 실의 장력이 B쪽 실의 장력보다 크다.","다섯 힘의 크기가 모두 같다.","A와 B의 질량이 다르면 두 장력이 달라진다.","가속 중이므로 힘의 크기를 비교할 수 없다.","2","핵심 오개념 방지: '가속 중에는 A쪽 장력과 B쪽 장력이 다를 것 같다'는 것이 흔한 오해입니다. 그러나 질량이 없는 실이라면 정지든 가속이든 다섯 힘의 크기는 모두 같습니다. (실의 질량이 0 → 실 자체에 작용하는 알짜힘 = 0)"
"488","PHY","물리학","1","힘과 에너지","1","힘과 운동","3","작용 반작용과 운동량 보존","","theory","ba","","책상 위에 놓인 사과에 대해, '사과가 받는 중력'의 반작용에 해당하는 힘은?","책상이 사과를 떠받치는 힘","사과가 지구를 당기는 힘","사과가 책상을 누르는 힘","지구가 책상을 당기는 힘","2","'지구가 사과를 당기는 힘(중력)'의 반작용은 '사과가 지구를 당기는 힘'입니다. 두 힘은 서로 다른 물체(지구와 사과)에 작용하며 크기가 같고 방향이 반대입니다."
"489","PHY","물리학","1","힘과 에너지","1","힘과 운동","3","작용 반작용과 운동량 보존","","theory","ad","","책상 위에 놓인 사과에 대해, '책상이 사과를 떠받치는 힘(수직항력)'의 반작용에 해당하는 힘은?","지구가 사과를 당기는 힘 (중력)","사과가 지구를 당기는 힘","책상이 지구를 미는 힘","사과가 책상을 누르는 힘","4","'책상이 사과를 위로 미는 힘'의 반작용은 '사과가 책상을 아래로 누르는 힘'입니다. 두 힘은 서로 다른 물체(책상과 사과)에 작용합니다. 중력은 지구와 사과 사이의 힘이므로 이 수직항력의 반작용이 아닙니다."
"490","PHY","물리학","1","힘과 에너지","1","힘과 운동","3","작용 반작용과 운동량 보존","","theory","ba","","'운동량'의 정의로 옳은 것은?","물체의 질량과 속도의 곱, p = mv","물체의 질량과 가속도의 곱","물체가 받는 힘의 크기","물체의 속도와 시간의 곱","1","운동량은 물체의 운동과 관련된 물리량으로, 질량과 속도의 곱입니다. p = mv. 벡터량이므로 방향을 가집니다."
"491","PHY","물리학","1","힘과 에너지","1","힘과 운동","3","작용 반작용과 운동량 보존","","theory","ba","","운동량의 SI 단위로 옳은 것은?","N (뉴턴)","J (줄)","N·m","kg·m/s","4","운동량 p = mv의 단위는 질량(kg) × 속도(m/s) = kg·m/s 입니다."
"492","PHY","물리학","1","힘과 에너지","1","힘과 운동","3","작용 반작용과 운동량 보존","","theory","ba","","'충격량'의 정의와 크기로 옳은 것은?","충격량은 물체의 질량이며 단위는 kg이다.","충격량은 힘 자체이며 단위는 N이다.","충격량은 물체에 작용한 힘과 그 힘이 작용한 시간의 곱이다. I = FΔt.","충격량은 물체의 속도 변화량이다.","3","충격량 I = F × Δt. 물체에 작용한 힘과 힘이 작용한 시간의 곱입니다. 단위는 N·s = kg·m/s."
"493","PHY","물리학","1","힘과 에너지","1","힘과 운동","3","작용 반작용과 운동량 보존","","theory","ba","","충격량과 운동량 변화량의 관계로 옳은 것은?","충격량은 운동량 변화량의 두 배이다.","충격량은 운동량 변화량과 관계없다.","물체가 받은 충격량은 그 물체의 운동량 변화량과 같다 (I = Δp).","충격량은 항상 0이다.","3","뉴턴 제2법칙에서 F = ma = mΔv/Δt 이므로 FΔt = mΔv, 즉 I = Δp. 물체가 받은 충격량은 물체의 운동량 변화량과 같습니다."
"494","PHY","물리학","1","힘과 에너지","1","힘과 운동","3","작용 반작용과 운동량 보존","","theory","ad","","질량 2 kg인 물체가 정지 상태에서 3 m/s로 가속되었다. 이 물체가 받은 충격량의 크기는?","2 N·s","3 N·s","6 N·s","12 N·s","3","I = Δp = mΔv = 2 × (3 − 0) = 6 kg·m/s = 6 N·s."
"495","PHY","물리학","1","힘과 에너지","1","힘과 운동","3","작용 반작용과 운동량 보존","","theory","ba","","'운동량 보존 법칙'이 성립하기 위한 조건으로 옳은 것은?","물체가 정지해 있어야 한다.","물체에 작용하는 알짜 외력(외부에서 작용하는 힘의 합)이 0이어야 한다.","물체의 속도가 일정해야 한다.","물체의 질량이 일정해야 한다.","2","운동량 보존 법칙: 물체 외부에서 작용하는 알짜힘이 0이면, 물체(계)의 운동량이 시간에 관계없이 일정하게 보존됩니다."
"496","PHY","물리학","1","힘과 에너지","1","힘과 운동","3","작용 반작용과 운동량 보존","","theory","ba","","두 물체 1, 2가 일차원에서 충돌할 때 운동량 보존 법칙을 옳게 나타낸 식은? (v: 충돌 전 속도, v': 충돌 후 속도)","m₁v₁ − m₂v₂ = m₁v₁' − m₂v₂'","m₁v₁ + m₂v₂ = m₁v₁' + m₂v₂'","m₁v₁ + m₂v₂ = 0","m₁v₁ = m₂v₂","2","충돌 전 두 물체의 운동량의 합 = 충돌 후 두 물체의 운동량의 합. 외부 힘이 없다면 이 관계가 언제나 성립합니다."
"497","PHY","물리학","1","힘과 에너지","1","힘과 운동","3","작용 반작용과 운동량 보존","","theory","ad","","질량이 각각 m₁, m₂인 두 물체가 각각 v₁, v₂로 움직이다가 충돌 후 한 덩어리가 되어 속도 v로 움직였다. 운동량 보존 법칙에 따른 관계식으로 옳은 것은?","m₁v₁ + m₂v₂ = (m₁ + m₂)v","m₁v₁ − m₂v₂ = (m₁ − m₂)v","m₁v₁ × m₂v₂ = (m₁ + m₂)v","(m₁ + m₂)(v₁ + v₂) = v","1","한 덩어리가 된 후의 질량은 m₁ + m₂, 속도는 v. 운동량 보존: m₁v₁ + m₂v₂ = (m₁ + m₂)v."
"498","PHY","물리학","1","힘과 에너지","1","힘과 운동","3","작용 반작용과 운동량 보존","","theory","ba","","정지 상태의 두 사람이 서로 밀어내어 각각 반대 방향으로 움직였다. 두 사람의 운동량 합에 대한 설명으로 옳은 것은?","분리 후 두 사람의 운동량 합은 처음보다 커진다.","분리 후 두 사람의 운동량 합은 처음보다 작아진다.","분리 후 두 사람의 운동량 합은 여전히 0이다.","운동량 보존은 이 상황에서 성립하지 않는다.","3","분리 전 정지 상태 → 총 운동량 = 0. 외부 힘이 없다면 운동량 보존이 성립하므로 분리 후에도 두 사람의 운동량 합은 0입니다. 즉 m_A·v_A + m_B·v_B = 0, m_A·v_A = −m_B·v_B."
"499","PHY","물리학","1","힘과 에너지","1","힘과 운동","3","작용 반작용과 운동량 보존","","theory","ad","","질량 2 kg인 물체 A가 5 m/s로 움직이며 정지해 있던 질량 3 kg인 물체 B와 충돌 후 한 덩어리가 되었다. 충돌 후 한 덩어리의 속도로 옳은 것은?","1 m/s","2 m/s","3 m/s","5 m/s","2","운동량 보존: 2 × 5 + 3 × 0 = (2 + 3) × v. 10 = 5v → v = 2 m/s."
